id,path,kind,name_kr,costume,prompt,negative,category_sub,material
eq_a1_cheollik,res://assets/icons/items/eq_a1_cheollik.png,icon,무명 철릭,,"museum-quality illustration of 무명 철릭 (Lamellar Armor), made of Iron Scales and Leather, Late Joseon period, Joseon-era Korean ink-and-wash painting (sumukchaesaek) on aged hanji mulberry paper, muted mineral pigments (malachite green, azurite blue, ochre, cinnabar red, ink black), confident brush strokes with dry-brush texture, soft paper grain, restrained palette, in the manner of Kim Hong-do and Jeong Seon, single object centered, plain warm hanji background, soft ambient occlusion, clean silhouette, game item icon, 1:1 --ar 1:1 --style raw","photorealistic, 3d render, anime, chibi, western fantasy, neon, glossy plastic, text, watermark, signature, modern clothing, Chinese Qing costume, Manchu queue hairstyle, Japanese kimono, samurai armor, hakama, hanfu with crossed wide sleeves of Ming court, Japanese katana, multiple objects, hands, cluttered background",Lamellar Armor,Iron Scales and Leather
eq_a2_dujeonggap,res://assets/icons/items/eq_a2_dujeonggap.png,icon,두정갑,,"museum-quality illustration of 두정갑 (Lamellar Armor), made of Iron Scales and Leather, Late Joseon period, Joseon-era Korean ink-and-wash painting (sumukchaesaek) on aged hanji mulberry paper, muted mineral pigments (malachite green, azurite blue, ochre, cinnabar red, ink black), confident brush strokes with dry-brush texture, soft paper grain, restrained palette, in the manner of Kim Hong-do and Jeong Seon, single object centered, plain warm hanji background, soft ambient occlusion, clean silhouette, game item icon, 1:1 --ar 1:1 --style raw","photorealistic, 3d render, anime, chibi, western fantasy, neon, glossy plastic, text, watermark, signature, modern clothing, Chinese Qing costume, Manchu queue hairstyle, Japanese kimono, samurai armor, hakama, hanfu with crossed wide sleeves of Ming court, Japanese katana, multiple objects, hands, cluttered background",Lamellar Armor,Iron Scales and Leather
eq_a3_gyeongbeon,res://assets/icons/items/eq_a3_gyeongbeon.png,icon,경번갑,,"museum-quality illustration of 경번갑 (Lamellar Armor), made of Iron Scales and Leather, Mid Joseon period, Joseon-era Korean ink-and-wash painting (sumukchaesaek) on aged hanji mulberry paper, muted mineral pigments (malachite green, azurite blue, ochre, cinnabar red, ink black), confident brush strokes with dry-brush texture, soft paper grain, restrained palette, in the manner of Kim Hong-do and Jeong Seon, single object centered, plain warm hanji background, soft ambient occlusion, clean silhouette, game item icon, 1:1 --ar 1:1 --style raw","photorealistic, 3d render, anime, chibi, western fantasy, neon, glossy plastic, text, watermark, signature, modern clothing, Chinese Qing costume, Manchu queue hairstyle, Japanese kimono, samurai armor, hakama, hanfu with crossed wide sleeves of Ming court, Japanese katana, multiple objects, hands, cluttered background",Lamellar Armor,Iron Scales and Leather
eq_her_120,res://assets/icons/items/eq_her_120.png,icon,공주 찰갑,,"museum-quality illustration of 공주 찰갑 (Lamellar Armor), made of Iron Scales and Leather, Mid Joseon period, Joseon-era Korean ink-and-wash painting (sumukchaesaek) on aged hanji mulberry paper, muted mineral pigments (malachite green, azurite blue, ochre, cinnabar red, ink black), confident brush strokes with dry-brush texture, soft paper grain, restrained palette, in the manner of Kim Hong-do and Jeong Seon, single object centered, plain warm hanji background, soft ambient occlusion, clean silhouette, game item icon, 1:1 --ar 1:1 --style raw","photorealistic, 3d render, anime, chibi, western fantasy, neon, glossy plastic, text, watermark, signature, modern clothing, Chinese Qing costume, Manchu queue hairstyle, Japanese kimono, samurai armor, hakama, hanfu with crossed wide sleeves of Ming court, Japanese katana, multiple objects, hands, cluttered background",Lamellar Armor,Iron Scales and Leather
eq_her_135,res://assets/icons/items/eq_her_135.png,icon,평양 찰갑,,"museum-quality illustration of 평양 찰갑 (Lamellar Armor), made of Iron Scales and Leather, Mid Joseon period, Joseon-era Korean ink-and-wash painting (sumukchaesaek) on aged hanji mulberry paper, muted mineral pigments (malachite green, azurite blue, ochre, cinnabar red, ink black), confident brush strokes with dry-brush texture, soft paper grain, restrained palette, in the manner of Kim Hong-do and Jeong Seon, single object centered, plain warm hanji background, soft ambient occlusion, clean silhouette, game item icon, 1:1 --ar 1:1 --style raw","photorealistic, 3d render, anime, chibi, western fantasy, neon, glossy plastic, text, watermark, signature, modern clothing, Chinese Qing costume, Manchu queue hairstyle, Japanese kimono, samurai armor, hakama, hanfu with crossed wide sleeves of Ming court, Japanese katana, multiple objects, hands, cluttered background",Lamellar Armor,Iron Scales and Leather
eq_yu_armor_4,res://assets/icons/items/eq_yu_armor_4.png,icon,두석린갑,,"museum-quality illustration of 두석린갑 (Lamellar Armor), made of Iron Scales and Leather, Mid Joseon period, Joseon-era Korean ink-and-wash painting (sumukchaesaek) on aged hanji mulberry paper, muted mineral pigments (malachite green, azurite blue, ochre, cinnabar red, ink black), confident brush strokes with dry-brush texture, soft paper grain, restrained palette, in the manner of Kim Hong-do and Jeong Seon, single object centered, plain warm hanji background, soft ambient occlusion, clean silhouette, game item icon, 1:1 --ar 1:1 --style raw","photorealistic, 3d render, anime, chibi, western fantasy, neon, glossy plastic, text, watermark, signature, modern clothing, Chinese Qing costume, Manchu queue hairstyle, Japanese kimono, samurai armor, hakama, hanfu with crossed wide sleeves of Ming court, Japanese katana, multiple objects, hands, cluttered background",Lamellar Armor,Iron Scales and Leather
eq_yu_armor_5,res://assets/icons/items/eq_yu_armor_5.png,icon,용린 어갑,,"museum-quality illustration of 용린 어갑 (Lamellar Armor), made of Iron Scales and Leather, Early Joseon period, Joseon-era Korean ink-and-wash painting (sumukchaesaek) on aged hanji mulberry paper, muted mineral pigments (malachite green, azurite blue, ochre, cinnabar red, ink black), confident brush strokes with dry-brush texture, soft paper grain, restrained palette, in the manner of Kim Hong-do and Jeong Seon, single object centered, plain warm hanji background, soft ambient occlusion, clean silhouette, game item icon, 1:1 --ar 1:1 --style raw","photorealistic, 3d render, anime, chibi, western fantasy, neon, glossy plastic, text, watermark, signature, modern clothing, Chinese Qing costume, Manchu queue hairstyle, Japanese kimono, samurai armor, hakama, hanfu with crossed wide sleeves of Ming court, Japanese katana, multiple objects, hands, cluttered background",Lamellar Armor,Iron Scales and Leather
eq_bul_armor_4,res://assets/icons/items/eq_bul_armor_4.png,icon,승군 철가사,,"museum-quality illustration of 승군 철가사 (Lamellar Armor), made of Iron Scales and Leather, Mid Joseon period, Joseon-era Korean ink-and-wash painting (sumukchaesaek) on aged hanji mulberry paper, muted mineral pigments (malachite green, azurite blue, ochre, cinnabar red, ink black), confident brush strokes with dry-brush texture, soft paper grain, restrained palette, in the manner of Kim Hong-do and Jeong Seon, single object centered, plain warm hanji background, soft ambient occlusion, clean silhouette, game item icon, 1:1 --ar 1:1 --style raw","photorealistic, 3d render, anime, chibi, western fantasy, neon, glossy plastic, text, watermark, signature, modern clothing, Chinese Qing costume, Manchu queue hairstyle, Japanese kimono, samurai armor, hakama, hanfu with crossed wide sleeves of Ming court, Japanese katana, multiple objects, hands, cluttered background",Lamellar Armor,Iron Scales and Leather
eq_bul_armor_5,res://assets/icons/items/eq_bul_armor_5.png,icon,사명 금란가사,,"museum-quality illustration of 사명 금란가사 (Lamellar Armor), made of Iron Scales and Leather, Early Joseon period, Joseon-era Korean ink-and-wash painting (sumukchaesaek) on aged hanji mulberry paper, muted mineral pigments (malachite green, azurite blue, ochre, cinnabar red, ink black), confident brush strokes with dry-brush texture, soft paper grain, restrained palette, in the manner of Kim Hong-do and Jeong Seon, single object centered, plain warm hanji background, soft ambient occlusion, clean silhouette, game item icon, 1:1 --ar 1:1 --style raw","photorealistic, 3d render, anime, chibi, western fantasy, neon, glossy plastic, text, watermark, signature, modern clothing, Chinese Qing costume, Manchu queue hairstyle, Japanese kimono, samurai armor, hakama, hanfu with crossed wide sleeves of Ming court, Japanese katana, multiple objects, hands, cluttered background",Lamellar Armor,Iron Scales and Leather
eq_seon_armor_4,res://assets/icons/items/eq_seon_armor_4.png,icon,학창의,,"museum-quality illustration of 학창의 (Lamellar Armor), made of Iron Scales and Leather, Mid Joseon period, Joseon-era Korean ink-and-wash painting (sumukchaesaek) on aged hanji mulberry paper, muted mineral pigments (malachite green, azurite blue, ochre, cinnabar red, ink black), confident brush strokes with dry-brush texture, soft paper grain, restrained palette, in the manner of Kim Hong-do and Jeong Seon, single object centered, plain warm hanji background, soft ambient occlusion, clean silhouette, game item icon, 1:1 --ar 1:1 --style raw","photorealistic, 3d render, anime, chibi, western fantasy, neon, glossy plastic, text, watermark, signature, modern clothing, Chinese Qing costume, Manchu queue hairstyle, Japanese kimono, samurai armor, hakama, hanfu with crossed wide sleeves of Ming court, Japanese katana, multiple objects, hands, cluttered background",Lamellar Armor,Iron Scales and Leather
eq_seon_armor_5,res://assets/icons/items/eq_seon_armor_5.png,icon,우의 선포,,"museum-quality illustration of 우의 선포 (Lamellar Armor), made of Iron Scales and Leather, Early Joseon period, Joseon-era Korean ink-and-wash painting (sumukchaesaek) on aged hanji mulberry paper, muted mineral pigments (malachite green, azurite blue, ochre, cinnabar red, ink black), confident brush strokes with dry-brush texture, soft paper grain, restrained palette, in the manner of Kim Hong-do and Jeong Seon, single object centered, plain warm hanji background, soft ambient occlusion, clean silhouette, game item icon, 1:1 --ar 1:1 --style raw","photorealistic, 3d render, anime, chibi, western fantasy, neon, glossy plastic, text, watermark, signature, modern clothing, Chinese Qing costume, Manchu queue hairstyle, Japanese kimono, samurai armor, hakama, hanfu with crossed wide sleeves of Ming court, Japanese katana, multiple objects, hands, cluttered background",Lamellar Armor,Iron Scales and Leather
mj_yu_armor_4,res://assets/icons/items/mj_yu_armor_4.png,icon,[모작] 두석린갑,,"museum-quality illustration of [모작] 두석린갑 (Lamellar Armor), made of Iron Scales and Leather, Mid Joseon period, Joseon-era Korean ink-and-wash painting (sumukchaesaek) on aged hanji mulberry paper, muted mineral pigments (malachite green, azurite blue, ochre, cinnabar red, ink black), confident brush strokes with dry-brush texture, soft paper grain, restrained palette, in the manner of Kim Hong-do and Jeong Seon, single object centered, plain warm hanji background, soft ambient occlusion, clean silhouette, game item icon, 1:1 --ar 1:1 --style raw","photorealistic, 3d render, anime, chibi, western fantasy, neon, glossy plastic, text, watermark, signature, modern clothing, Chinese Qing costume, Manchu queue hairstyle, Japanese kimono, samurai armor, hakama, hanfu with crossed wide sleeves of Ming court, Japanese katana, multiple objects, hands, cluttered background",Lamellar Armor,Iron Scales and Leather
mj_yu_armor_5,res://assets/icons/items/mj_yu_armor_5.png,icon,[모작] 용린 어갑,,"museum-quality illustration of [모작] 용린 어갑 (Lamellar Armor), made of Iron Scales and Leather, Early Joseon period, Joseon-era Korean ink-and-wash painting (sumukchaesaek) on aged hanji mulberry paper, muted mineral pigments (malachite green, azurite blue, ochre, cinnabar red, ink black), confident brush strokes with dry-brush texture, soft paper grain, restrained palette, in the manner of Kim Hong-do and Jeong Seon, single object centered, plain warm hanji background, soft ambient occlusion, clean silhouette, game item icon, 1:1 --ar 1:1 --style raw","photorealistic, 3d render, anime, chibi, western fantasy, neon, glossy plastic, text, watermark, signature, modern clothing, Chinese Qing costume, Manchu queue hairstyle, Japanese kimono, samurai armor, hakama, hanfu with crossed wide sleeves of Ming court, Japanese katana, multiple objects, hands, cluttered background",Lamellar Armor,Iron Scales and Leather
mj_bul_armor_4,res://assets/icons/items/mj_bul_armor_4.png,icon,[모작] 승군 철가사,,"museum-quality illustration of [모작] 승군 철가사 (Lamellar Armor), made of Iron Scales and Leather, Mid Joseon period, Joseon-era Korean ink-and-wash painting (sumukchaesaek) on aged hanji mulberry paper, muted mineral pigments (malachite green, azurite blue, ochre, cinnabar red, ink black), confident brush strokes with dry-brush texture, soft paper grain, restrained palette, in the manner of Kim Hong-do and Jeong Seon, single object centered, plain warm hanji background, soft ambient occlusion, clean silhouette, game item icon, 1:1 --ar 1:1 --style raw","photorealistic, 3d render, anime, chibi, western fantasy, neon, glossy plastic, text, watermark, signature, modern clothing, Chinese Qing costume, Manchu queue hairstyle, Japanese kimono, samurai armor, hakama, hanfu with crossed wide sleeves of Ming court, Japanese katana, multiple objects, hands, cluttered background",Lamellar Armor,Iron Scales and Leather
mj_bul_armor_5,res://assets/icons/items/mj_bul_armor_5.png,icon,[모작] 사명 금란가사,,"museum-quality illustration of [모작] 사명 금란가사 (Lamellar Armor), made of Iron Scales and Leather, Early Joseon period, Joseon-era Korean ink-and-wash painting (sumukchaesaek) on aged hanji mulberry paper, muted mineral pigments (malachite green, azurite blue, ochre, cinnabar red, ink black), confident brush strokes with dry-brush texture, soft paper grain, restrained palette, in the manner of Kim Hong-do and Jeong Seon, single object centered, plain warm hanji background, soft ambient occlusion, clean silhouette, game item icon, 1:1 --ar 1:1 --style raw","photorealistic, 3d render, anime, chibi, western fantasy, neon, glossy plastic, text, watermark, signature, modern clothing, Chinese Qing costume, Manchu queue hairstyle, Japanese kimono, samurai armor, hakama, hanfu with crossed wide sleeves of Ming court, Japanese katana, multiple objects, hands, cluttered background",Lamellar Armor,Iron Scales and Leather
mj_seon_armor_4,res://assets/icons/items/mj_seon_armor_4.png,icon,[모작] 학창의,,"museum-quality illustration of [모작] 학창의 (Lamellar Armor), made of Iron Scales and Leather, Mid Joseon period, Joseon-era Korean ink-and-wash painting (sumukchaesaek) on aged hanji mulberry paper, muted mineral pigments (malachite green, azurite blue, ochre, cinnabar red, ink black), confident brush strokes with dry-brush texture, soft paper grain, restrained palette, in the manner of Kim Hong-do and Jeong Seon, single object centered, plain warm hanji background, soft ambient occlusion, clean silhouette, game item icon, 1:1 --ar 1:1 --style raw","photorealistic, 3d render, anime, chibi, western fantasy, neon, glossy plastic, text, watermark, signature, modern clothing, Chinese Qing costume, Manchu queue hairstyle, Japanese kimono, samurai armor, hakama, hanfu with crossed wide sleeves of Ming court, Japanese katana, multiple objects, hands, cluttered background",Lamellar Armor,Iron Scales and Leather
mj_seon_armor_5,res://assets/icons/items/mj_seon_armor_5.png,icon,[모작] 우의 선포,,"museum-quality illustration of [모작] 우의 선포 (Lamellar Armor), made of Iron Scales and Leather, Early Joseon period, Joseon-era Korean ink-and-wash painting (sumukchaesaek) on aged hanji mulberry paper, muted mineral pigments (malachite green, azurite blue, ochre, cinnabar red, ink black), confident brush strokes with dry-brush texture, soft paper grain, restrained palette, in the manner of Kim Hong-do and Jeong Seon, single object centered, plain warm hanji background, soft ambient occlusion, clean silhouette, game item icon, 1:1 --ar 1:1 --style raw","photorealistic, 3d render, anime, chibi, western fantasy, neon, glossy plastic, text, watermark, signature, modern clothing, Chinese Qing costume, Manchu queue hairstyle, Japanese kimono, samurai armor, hakama, hanfu with crossed wide sleeves of Ming court, Japanese katana, multiple objects, hands, cluttered background",Lamellar Armor,Iron Scales and Leather
