id,path,kind,name_kr,costume,prompt,negative,guide
MAP_01,res://assets/maps/regions/map_01.png,region_map,경기 북부,,"regional map of Imjin river valleys and Songak mountain near Gaeseong, Joseon-era Korean ink-and-wash painting (sumukchaesaek) on aged hanji mulberry paper, muted mineral pigments (malachite green, azurite blue, ochre, cinnabar red, ink black), confident brush strokes with dry-brush texture, soft paper grain, restrained palette, in the manner of Kim Hong-do and Jeong Seon, top-down cartographic view in the style of the 1861 Daedongyeojido woodblock map, mountain ranges as sawtooth ridges, rivers as double lines, follow the provided relief guide exactly for coastline and ridges, no labels, 16:9 --ar 16:9 --style raw","photorealistic, 3d render, anime, chibi, western fantasy, neon, glossy plastic, text, watermark, signature, modern clothing, Chinese Qing costume, Manchu queue hairstyle, Japanese kimono, samurai armor, hakama, hanfu with crossed wide sleeves of Ming court, Japanese katana, perspective view, labels, grid lines, compass rose, modern roads",assets/maps/guides/map_01_relief.png (ControlNet lineart/canny) + map_01_height.png (depth)
MAP_02,res://assets/maps/regions/map_02.png,region_map,경기 남부,,"regional map of Han river plains, Suwon fortress walls, Namhan mountain, Joseon-era Korean ink-and-wash painting (sumukchaesaek) on aged hanji mulberry paper, muted mineral pigments (malachite green, azurite blue, ochre, cinnabar red, ink black), confident brush strokes with dry-brush texture, soft paper grain, restrained palette, in the manner of Kim Hong-do and Jeong Seon, top-down cartographic view in the style of the 1861 Daedongyeojido woodblock map, mountain ranges as sawtooth ridges, rivers as double lines, follow the provided relief guide exactly for coastline and ridges, no labels, 16:9 --ar 16:9 --style raw","photorealistic, 3d render, anime, chibi, western fantasy, neon, glossy plastic, text, watermark, signature, modern clothing, Chinese Qing costume, Manchu queue hairstyle, Japanese kimono, samurai armor, hakama, hanfu with crossed wide sleeves of Ming court, Japanese katana, perspective view, labels, grid lines, compass rose, modern roads",assets/maps/guides/map_02_relief.png (ControlNet lineart/canny) + map_02_height.png (depth)
MAP_03,res://assets/maps/regions/map_03.png,region_map,강원 북부,,"regional map of Geumgang mountain granite peaks and east sea coast, Joseon-era Korean ink-and-wash painting (sumukchaesaek) on aged hanji mulberry paper, muted mineral pigments (malachite green, azurite blue, ochre, cinnabar red, ink black), confident brush strokes with dry-brush texture, soft paper grain, restrained palette, in the manner of Kim Hong-do and Jeong Seon, top-down cartographic view in the style of the 1861 Daedongyeojido woodblock map, mountain ranges as sawtooth ridges, rivers as double lines, follow the provided relief guide exactly for coastline and ridges, no labels, 16:9 --ar 16:9 --style raw","photorealistic, 3d render, anime, chibi, western fantasy, neon, glossy plastic, text, watermark, signature, modern clothing, Chinese Qing costume, Manchu queue hairstyle, Japanese kimono, samurai armor, hakama, hanfu with crossed wide sleeves of Ming court, Japanese katana, perspective view, labels, grid lines, compass rose, modern roads",assets/maps/guides/map_03_relief.png (ControlNet lineart/canny) + map_03_height.png (depth)
MAP_04,res://assets/maps/regions/map_04.png,region_map,강원 남부,,"regional map of Odae and Taebaek ranges, rafting rivers of Jeongseon, Joseon-era Korean ink-and-wash painting (sumukchaesaek) on aged hanji mulberry paper, muted mineral pigments (malachite green, azurite blue, ochre, cinnabar red, ink black), confident brush strokes with dry-brush texture, soft paper grain, restrained palette, in the manner of Kim Hong-do and Jeong Seon, top-down cartographic view in the style of the 1861 Daedongyeojido woodblock map, mountain ranges as sawtooth ridges, rivers as double lines, follow the provided relief guide exactly for coastline and ridges, no labels, 16:9 --ar 16:9 --style raw","photorealistic, 3d render, anime, chibi, western fantasy, neon, glossy plastic, text, watermark, signature, modern clothing, Chinese Qing costume, Manchu queue hairstyle, Japanese kimono, samurai armor, hakama, hanfu with crossed wide sleeves of Ming court, Japanese katana, perspective view, labels, grid lines, compass rose, modern roads",assets/maps/guides/map_04_relief.png (ControlNet lineart/canny) + map_04_height.png (depth)
MAP_05,res://assets/maps/regions/map_05.png,region_map,충청 북부,,"regional map of Songni mountain and Namhan river terraces, Joseon-era Korean ink-and-wash painting (sumukchaesaek) on aged hanji mulberry paper, muted mineral pigments (malachite green, azurite blue, ochre, cinnabar red, ink black), confident brush strokes with dry-brush texture, soft paper grain, restrained palette, in the manner of Kim Hong-do and Jeong Seon, top-down cartographic view in the style of the 1861 Daedongyeojido woodblock map, mountain ranges as sawtooth ridges, rivers as double lines, follow the provided relief guide exactly for coastline and ridges, no labels, 16:9 --ar 16:9 --style raw","photorealistic, 3d render, anime, chibi, western fantasy, neon, glossy plastic, text, watermark, signature, modern clothing, Chinese Qing costume, Manchu queue hairstyle, Japanese kimono, samurai armor, hakama, hanfu with crossed wide sleeves of Ming court, Japanese katana, perspective view, labels, grid lines, compass rose, modern roads",assets/maps/guides/map_05_relief.png (ControlNet lineart/canny) + map_05_height.png (depth)
MAP_06,res://assets/maps/regions/map_06.png,region_map,충청 남부,,"regional map of Geum river, Gyeryong mountain and west sea mudflats, Joseon-era Korean ink-and-wash painting (sumukchaesaek) on aged hanji mulberry paper, muted mineral pigments (malachite green, azurite blue, ochre, cinnabar red, ink black), confident brush strokes with dry-brush texture, soft paper grain, restrained palette, in the manner of Kim Hong-do and Jeong Seon, top-down cartographic view in the style of the 1861 Daedongyeojido woodblock map, mountain ranges as sawtooth ridges, rivers as double lines, follow the provided relief guide exactly for coastline and ridges, no labels, 16:9 --ar 16:9 --style raw","photorealistic, 3d render, anime, chibi, western fantasy, neon, glossy plastic, text, watermark, signature, modern clothing, Chinese Qing costume, Manchu queue hairstyle, Japanese kimono, samurai armor, hakama, hanfu with crossed wide sleeves of Ming court, Japanese katana, perspective view, labels, grid lines, compass rose, modern roads",assets/maps/guides/map_06_relief.png (ControlNet lineart/canny) + map_06_height.png (depth)
MAP_07,res://assets/maps/regions/map_07.png,region_map,전라 북부,,"regional map of Honam wide rice plains and Naejang mountain maples, Joseon-era Korean ink-and-wash painting (sumukchaesaek) on aged hanji mulberry paper, muted mineral pigments (malachite green, azurite blue, ochre, cinnabar red, ink black), confident brush strokes with dry-brush texture, soft paper grain, restrained palette, in the manner of Kim Hong-do and Jeong Seon, top-down cartographic view in the style of the 1861 Daedongyeojido woodblock map, mountain ranges as sawtooth ridges, rivers as double lines, follow the provided relief guide exactly for coastline and ridges, no labels, 16:9 --ar 16:9 --style raw","photorealistic, 3d render, anime, chibi, western fantasy, neon, glossy plastic, text, watermark, signature, modern clothing, Chinese Qing costume, Manchu queue hairstyle, Japanese kimono, samurai armor, hakama, hanfu with crossed wide sleeves of Ming court, Japanese katana, perspective view, labels, grid lines, compass rose, modern roads",assets/maps/guides/map_07_relief.png (ControlNet lineart/canny) + map_07_height.png (depth)
MAP_08,res://assets/maps/regions/map_08.png,region_map,전라 남부,,"regional map of south-west archipelago, tidal straits and Jiri mountain slopes, Joseon-era Korean ink-and-wash painting (sumukchaesaek) on aged hanji mulberry paper, muted mineral pigments (malachite green, azurite blue, ochre, cinnabar red, ink black), confident brush strokes with dry-brush texture, soft paper grain, restrained palette, in the manner of Kim Hong-do and Jeong Seon, top-down cartographic view in the style of the 1861 Daedongyeojido woodblock map, mountain ranges as sawtooth ridges, rivers as double lines, follow the provided relief guide exactly for coastline and ridges, no labels, 16:9 --ar 16:9 --style raw","photorealistic, 3d render, anime, chibi, western fantasy, neon, glossy plastic, text, watermark, signature, modern clothing, Chinese Qing costume, Manchu queue hairstyle, Japanese kimono, samurai armor, hakama, hanfu with crossed wide sleeves of Ming court, Japanese katana, perspective view, labels, grid lines, compass rose, modern roads",assets/maps/guides/map_08_relief.png (ControlNet lineart/canny) + map_08_height.png (depth)
MAP_09,res://assets/maps/regions/map_09.png,region_map,경상 북부,,"regional map of Andong river bends, Sobaek ridges, Gyeongju burial mounds, Joseon-era Korean ink-and-wash painting (sumukchaesaek) on aged hanji mulberry paper, muted mineral pigments (malachite green, azurite blue, ochre, cinnabar red, ink black), confident brush strokes with dry-brush texture, soft paper grain, restrained palette, in the manner of Kim Hong-do and Jeong Seon, top-down cartographic view in the style of the 1861 Daedongyeojido woodblock map, mountain ranges as sawtooth ridges, rivers as double lines, follow the provided relief guide exactly for coastline and ridges, no labels, 16:9 --ar 16:9 --style raw","photorealistic, 3d render, anime, chibi, western fantasy, neon, glossy plastic, text, watermark, signature, modern clothing, Chinese Qing costume, Manchu queue hairstyle, Japanese kimono, samurai armor, hakama, hanfu with crossed wide sleeves of Ming court, Japanese katana, perspective view, labels, grid lines, compass rose, modern roads",assets/maps/guides/map_09_relief.png (ControlNet lineart/canny) + map_09_height.png (depth)
MAP_10,res://assets/maps/regions/map_10.png,region_map,경상 남부,,"regional map of Nakdong delta, Tongyeong harbour, Jiri mountain, Joseon-era Korean ink-and-wash painting (sumukchaesaek) on aged hanji mulberry paper, muted mineral pigments (malachite green, azurite blue, ochre, cinnabar red, ink black), confident brush strokes with dry-brush texture, soft paper grain, restrained palette, in the manner of Kim Hong-do and Jeong Seon, top-down cartographic view in the style of the 1861 Daedongyeojido woodblock map, mountain ranges as sawtooth ridges, rivers as double lines, follow the provided relief guide exactly for coastline and ridges, no labels, 16:9 --ar 16:9 --style raw","photorealistic, 3d render, anime, chibi, western fantasy, neon, glossy plastic, text, watermark, signature, modern clothing, Chinese Qing costume, Manchu queue hairstyle, Japanese kimono, samurai armor, hakama, hanfu with crossed wide sleeves of Ming court, Japanese katana, perspective view, labels, grid lines, compass rose, modern roads",assets/maps/guides/map_10_relief.png (ControlNet lineart/canny) + map_10_height.png (depth)
MAP_11,res://assets/maps/regions/map_11.png,region_map,황해 북부,,"regional map of Jaeryeong plain and Guwol mountain, Joseon-era Korean ink-and-wash painting (sumukchaesaek) on aged hanji mulberry paper, muted mineral pigments (malachite green, azurite blue, ochre, cinnabar red, ink black), confident brush strokes with dry-brush texture, soft paper grain, restrained palette, in the manner of Kim Hong-do and Jeong Seon, top-down cartographic view in the style of the 1861 Daedongyeojido woodblock map, mountain ranges as sawtooth ridges, rivers as double lines, follow the provided relief guide exactly for coastline and ridges, no labels, 16:9 --ar 16:9 --style raw","photorealistic, 3d render, anime, chibi, western fantasy, neon, glossy plastic, text, watermark, signature, modern clothing, Chinese Qing costume, Manchu queue hairstyle, Japanese kimono, samurai armor, hakama, hanfu with crossed wide sleeves of Ming court, Japanese katana, perspective view, labels, grid lines, compass rose, modern roads",assets/maps/guides/map_11_relief.png (ControlNet lineart/canny) + map_11_height.png (depth)
MAP_12,res://assets/maps/regions/map_12.png,region_map,황해 남부,,"regional map of Jangsan cape cliffs and Ongjin coast, Joseon-era Korean ink-and-wash painting (sumukchaesaek) on aged hanji mulberry paper, muted mineral pigments (malachite green, azurite blue, ochre, cinnabar red, ink black), confident brush strokes with dry-brush texture, soft paper grain, restrained palette, in the manner of Kim Hong-do and Jeong Seon, top-down cartographic view in the style of the 1861 Daedongyeojido woodblock map, mountain ranges as sawtooth ridges, rivers as double lines, follow the provided relief guide exactly for coastline and ridges, no labels, 16:9 --ar 16:9 --style raw","photorealistic, 3d render, anime, chibi, western fantasy, neon, glossy plastic, text, watermark, signature, modern clothing, Chinese Qing costume, Manchu queue hairstyle, Japanese kimono, samurai armor, hakama, hanfu with crossed wide sleeves of Ming court, Japanese katana, perspective view, labels, grid lines, compass rose, modern roads",assets/maps/guides/map_12_relief.png (ControlNet lineart/canny) + map_12_height.png (depth)
MAP_13,res://assets/maps/regions/map_13.png,region_map,평안 남부,,"regional map of Daedong river, Pyongyang walls and Myohyang mountain, Joseon-era Korean ink-and-wash painting (sumukchaesaek) on aged hanji mulberry paper, muted mineral pigments (malachite green, azurite blue, ochre, cinnabar red, ink black), confident brush strokes with dry-brush texture, soft paper grain, restrained palette, in the manner of Kim Hong-do and Jeong Seon, top-down cartographic view in the style of the 1861 Daedongyeojido woodblock map, mountain ranges as sawtooth ridges, rivers as double lines, follow the provided relief guide exactly for coastline and ridges, no labels, 16:9 --ar 16:9 --style raw","photorealistic, 3d render, anime, chibi, western fantasy, neon, glossy plastic, text, watermark, signature, modern clothing, Chinese Qing costume, Manchu queue hairstyle, Japanese kimono, samurai armor, hakama, hanfu with crossed wide sleeves of Ming court, Japanese katana, perspective view, labels, grid lines, compass rose, modern roads",assets/maps/guides/map_13_relief.png (ControlNet lineart/canny) + map_13_height.png (depth)
MAP_14,res://assets/maps/regions/map_14.png,region_map,평안 북부,,"regional map of Amnok river cliffs and northern forts, Joseon-era Korean ink-and-wash painting (sumukchaesaek) on aged hanji mulberry paper, muted mineral pigments (malachite green, azurite blue, ochre, cinnabar red, ink black), confident brush strokes with dry-brush texture, soft paper grain, restrained palette, in the manner of Kim Hong-do and Jeong Seon, top-down cartographic view in the style of the 1861 Daedongyeojido woodblock map, mountain ranges as sawtooth ridges, rivers as double lines, follow the provided relief guide exactly for coastline and ridges, no labels, 16:9 --ar 16:9 --style raw","photorealistic, 3d render, anime, chibi, western fantasy, neon, glossy plastic, text, watermark, signature, modern clothing, Chinese Qing costume, Manchu queue hairstyle, Japanese kimono, samurai armor, hakama, hanfu with crossed wide sleeves of Ming court, Japanese katana, perspective view, labels, grid lines, compass rose, modern roads",assets/maps/guides/map_14_relief.png (ControlNet lineart/canny) + map_14_height.png (depth)
MAP_15,res://assets/maps/regions/map_15.png,region_map,함경 남부,,"regional map of Hamheung plain and Gaema plateau, Joseon-era Korean ink-and-wash painting (sumukchaesaek) on aged hanji mulberry paper, muted mineral pigments (malachite green, azurite blue, ochre, cinnabar red, ink black), confident brush strokes with dry-brush texture, soft paper grain, restrained palette, in the manner of Kim Hong-do and Jeong Seon, top-down cartographic view in the style of the 1861 Daedongyeojido woodblock map, mountain ranges as sawtooth ridges, rivers as double lines, follow the provided relief guide exactly for coastline and ridges, no labels, 16:9 --ar 16:9 --style raw","photorealistic, 3d render, anime, chibi, western fantasy, neon, glossy plastic, text, watermark, signature, modern clothing, Chinese Qing costume, Manchu queue hairstyle, Japanese kimono, samurai armor, hakama, hanfu with crossed wide sleeves of Ming court, Japanese katana, perspective view, labels, grid lines, compass rose, modern roads",assets/maps/guides/map_15_relief.png (ControlNet lineart/canny) + map_15_height.png (depth)
MAP_16,res://assets/maps/regions/map_16.png,region_map,함경 북부,,"regional map of Baekdu mountain, larch forests and Duman river snowfields, Joseon-era Korean ink-and-wash painting (sumukchaesaek) on aged hanji mulberry paper, muted mineral pigments (malachite green, azurite blue, ochre, cinnabar red, ink black), confident brush strokes with dry-brush texture, soft paper grain, restrained palette, in the manner of Kim Hong-do and Jeong Seon, top-down cartographic view in the style of the 1861 Daedongyeojido woodblock map, mountain ranges as sawtooth ridges, rivers as double lines, follow the provided relief guide exactly for coastline and ridges, no labels, 16:9 --ar 16:9 --style raw","photorealistic, 3d render, anime, chibi, western fantasy, neon, glossy plastic, text, watermark, signature, modern clothing, Chinese Qing costume, Manchu queue hairstyle, Japanese kimono, samurai armor, hakama, hanfu with crossed wide sleeves of Ming court, Japanese katana, perspective view, labels, grid lines, compass rose, modern roads",assets/maps/guides/map_16_relief.png (ControlNet lineart/canny) + map_16_height.png (depth)
MAP_17,res://assets/maps/regions/map_17.png,region_map,제주도,,"regional map of Halla mountain, oreum cones, basalt stone walls and volcanic coast, Joseon-era Korean ink-and-wash painting (sumukchaesaek) on aged hanji mulberry paper, muted mineral pigments (malachite green, azurite blue, ochre, cinnabar red, ink black), confident brush strokes with dry-brush texture, soft paper grain, restrained palette, in the manner of Kim Hong-do and Jeong Seon, top-down cartographic view in the style of the 1861 Daedongyeojido woodblock map, mountain ranges as sawtooth ridges, rivers as double lines, follow the provided relief guide exactly for coastline and ridges, no labels, 16:9 --ar 16:9 --style raw","photorealistic, 3d render, anime, chibi, western fantasy, neon, glossy plastic, text, watermark, signature, modern clothing, Chinese Qing costume, Manchu queue hairstyle, Japanese kimono, samurai armor, hakama, hanfu with crossed wide sleeves of Ming court, Japanese katana, perspective view, labels, grid lines, compass rose, modern roads",assets/maps/guides/map_17_relief.png (ControlNet lineart/canny) + map_17_height.png (depth)
overworld,res://assets/maps/overworld.png,overworld,전국 조망,,"map of the Korean peninsula, Joseon-era Korean ink-and-wash painting (sumukchaesaek) on aged hanji mulberry paper, muted mineral pigments (malachite green, azurite blue, ochre, cinnabar red, ink black), confident brush strokes with dry-brush texture, soft paper grain, restrained palette, in the manner of Kim Hong-do and Jeong Seon, whole Korean peninsula in the style of the Daedongyeojido, vertical composition, eight provinces subtly tinted, 7:10 --ar 7:10 --style raw","photorealistic, 3d render, anime, chibi, western fantasy, neon, glossy plastic, text, watermark, signature, modern clothing, Chinese Qing costume, Manchu queue hairstyle, Japanese kimono, samurai armor, hakama, hanfu with crossed wide sleeves of Ming court, Japanese katana, labels, modern borders",
