id,path,kind,name_kr,costume,prompt,negative
mg_hanji_sliding,res://assets/minigames/sliding/sumuk_01.png,minigame,한지 수묵 슬라이딩 퍼즐,,"ink landscape of Inwang mountain after rain, Joseon-era Korean ink-and-wash painting (sumukchaesaek) on aged hanji mulberry paper, muted mineral pigments (malachite green, azurite blue, ochre, cinnabar red, ink black), confident brush strokes with dry-brush texture, soft paper grain, restrained palette, in the manner of Kim Hong-do and Jeong Seon, flat frontal composition filling the frame, even lighting, 1:1 --ar 1:1 --style raw","photorealistic, 3d render, anime, chibi, western fantasy, neon, glossy plastic, text, watermark, signature, modern clothing, Chinese Qing costume, Manchu queue hairstyle, Japanese kimono, samurai armor, hakama, hanfu with crossed wide sleeves of Ming court, Japanese katana, text, frame border"
mg_pottery_shard,res://assets/minigames/sliding/celadon_01.png,minigame,도자기 파편 맞추기,,"Goryeo celadon maebyeong vase with inlaid cranes, Joseon-era Korean ink-and-wash painting (sumukchaesaek) on aged hanji mulberry paper, muted mineral pigments (malachite green, azurite blue, ochre, cinnabar red, ink black), confident brush strokes with dry-brush texture, soft paper grain, restrained palette, in the manner of Kim Hong-do and Jeong Seon, flat frontal composition filling the frame, even lighting, 1:1 --ar 1:1 --style raw","photorealistic, 3d render, anime, chibi, western fantasy, neon, glossy plastic, text, watermark, signature, modern clothing, Chinese Qing costume, Manchu queue hairstyle, Japanese kimono, samurai armor, hakama, hanfu with crossed wide sleeves of Ming court, Japanese katana, text, frame border"
takbon_01,res://assets/minigames/takbon/sheet_01.png,minigame,제1첩 판목,,"carved pear-wood printing block of Daedongyeojido sheet 1, relief carved mountains and rivers, ink residue, seen from above, Joseon-era Korean ink-and-wash painting (sumukchaesaek) on aged hanji mulberry paper, muted mineral pigments (malachite green, azurite blue, ochre, cinnabar red, ink black), confident brush strokes with dry-brush texture, soft paper grain, restrained palette, in the manner of Kim Hong-do and Jeong Seon, flat frontal composition filling the frame, even lighting, 1:1 --ar 1:1 --style raw","photorealistic, 3d render, anime, chibi, western fantasy, neon, glossy plastic, text, watermark, signature, modern clothing, Chinese Qing costume, Manchu queue hairstyle, Japanese kimono, samurai armor, hakama, hanfu with crossed wide sleeves of Ming court, Japanese katana, text, frame border"
takbon_02,res://assets/minigames/takbon/sheet_02.png,minigame,제2첩 판목,,"carved pear-wood printing block of Daedongyeojido sheet 2, relief carved mountains and rivers, ink residue, seen from above, Joseon-era Korean ink-and-wash painting (sumukchaesaek) on aged hanji mulberry paper, muted mineral pigments (malachite green, azurite blue, ochre, cinnabar red, ink black), confident brush strokes with dry-brush texture, soft paper grain, restrained palette, in the manner of Kim Hong-do and Jeong Seon, flat frontal composition filling the frame, even lighting, 1:1 --ar 1:1 --style raw","photorealistic, 3d render, anime, chibi, western fantasy, neon, glossy plastic, text, watermark, signature, modern clothing, Chinese Qing costume, Manchu queue hairstyle, Japanese kimono, samurai armor, hakama, hanfu with crossed wide sleeves of Ming court, Japanese katana, text, frame border"
takbon_03,res://assets/minigames/takbon/sheet_03.png,minigame,제3첩 판목,,"carved pear-wood printing block of Daedongyeojido sheet 3, relief carved mountains and rivers, ink residue, seen from above, Joseon-era Korean ink-and-wash painting (sumukchaesaek) on aged hanji mulberry paper, muted mineral pigments (malachite green, azurite blue, ochre, cinnabar red, ink black), confident brush strokes with dry-brush texture, soft paper grain, restrained palette, in the manner of Kim Hong-do and Jeong Seon, flat frontal composition filling the frame, even lighting, 1:1 --ar 1:1 --style raw","photorealistic, 3d render, anime, chibi, western fantasy, neon, glossy plastic, text, watermark, signature, modern clothing, Chinese Qing costume, Manchu queue hairstyle, Japanese kimono, samurai armor, hakama, hanfu with crossed wide sleeves of Ming court, Japanese katana, text, frame border"
takbon_04,res://assets/minigames/takbon/sheet_04.png,minigame,제4첩 판목,,"carved pear-wood printing block of Daedongyeojido sheet 4, relief carved mountains and rivers, ink residue, seen from above, Joseon-era Korean ink-and-wash painting (sumukchaesaek) on aged hanji mulberry paper, muted mineral pigments (malachite green, azurite blue, ochre, cinnabar red, ink black), confident brush strokes with dry-brush texture, soft paper grain, restrained palette, in the manner of Kim Hong-do and Jeong Seon, flat frontal composition filling the frame, even lighting, 1:1 --ar 1:1 --style raw","photorealistic, 3d render, anime, chibi, western fantasy, neon, glossy plastic, text, watermark, signature, modern clothing, Chinese Qing costume, Manchu queue hairstyle, Japanese kimono, samurai armor, hakama, hanfu with crossed wide sleeves of Ming court, Japanese katana, text, frame border"
takbon_05,res://assets/minigames/takbon/sheet_05.png,minigame,제5첩 판목,,"carved pear-wood printing block of Daedongyeojido sheet 5, relief carved mountains and rivers, ink residue, seen from above, Joseon-era Korean ink-and-wash painting (sumukchaesaek) on aged hanji mulberry paper, muted mineral pigments (malachite green, azurite blue, ochre, cinnabar red, ink black), confident brush strokes with dry-brush texture, soft paper grain, restrained palette, in the manner of Kim Hong-do and Jeong Seon, flat frontal composition filling the frame, even lighting, 1:1 --ar 1:1 --style raw","photorealistic, 3d render, anime, chibi, western fantasy, neon, glossy plastic, text, watermark, signature, modern clothing, Chinese Qing costume, Manchu queue hairstyle, Japanese kimono, samurai armor, hakama, hanfu with crossed wide sleeves of Ming court, Japanese katana, text, frame border"
takbon_06,res://assets/minigames/takbon/sheet_06.png,minigame,제6첩 판목,,"carved pear-wood printing block of Daedongyeojido sheet 6, relief carved mountains and rivers, ink residue, seen from above, Joseon-era Korean ink-and-wash painting (sumukchaesaek) on aged hanji mulberry paper, muted mineral pigments (malachite green, azurite blue, ochre, cinnabar red, ink black), confident brush strokes with dry-brush texture, soft paper grain, restrained palette, in the manner of Kim Hong-do and Jeong Seon, flat frontal composition filling the frame, even lighting, 1:1 --ar 1:1 --style raw","photorealistic, 3d render, anime, chibi, western fantasy, neon, glossy plastic, text, watermark, signature, modern clothing, Chinese Qing costume, Manchu queue hairstyle, Japanese kimono, samurai armor, hakama, hanfu with crossed wide sleeves of Ming court, Japanese katana, text, frame border"
takbon_07,res://assets/minigames/takbon/sheet_07.png,minigame,제7첩 판목,,"carved pear-wood printing block of Daedongyeojido sheet 7, relief carved mountains and rivers, ink residue, seen from above, Joseon-era Korean ink-and-wash painting (sumukchaesaek) on aged hanji mulberry paper, muted mineral pigments (malachite green, azurite blue, ochre, cinnabar red, ink black), confident brush strokes with dry-brush texture, soft paper grain, restrained palette, in the manner of Kim Hong-do and Jeong Seon, flat frontal composition filling the frame, even lighting, 1:1 --ar 1:1 --style raw","photorealistic, 3d render, anime, chibi, western fantasy, neon, glossy plastic, text, watermark, signature, modern clothing, Chinese Qing costume, Manchu queue hairstyle, Japanese kimono, samurai armor, hakama, hanfu with crossed wide sleeves of Ming court, Japanese katana, text, frame border"
takbon_08,res://assets/minigames/takbon/sheet_08.png,minigame,제8첩 판목,,"carved pear-wood printing block of Daedongyeojido sheet 8, relief carved mountains and rivers, ink residue, seen from above, Joseon-era Korean ink-and-wash painting (sumukchaesaek) on aged hanji mulberry paper, muted mineral pigments (malachite green, azurite blue, ochre, cinnabar red, ink black), confident brush strokes with dry-brush texture, soft paper grain, restrained palette, in the manner of Kim Hong-do and Jeong Seon, flat frontal composition filling the frame, even lighting, 1:1 --ar 1:1 --style raw","photorealistic, 3d render, anime, chibi, western fantasy, neon, glossy plastic, text, watermark, signature, modern clothing, Chinese Qing costume, Manchu queue hairstyle, Japanese kimono, samurai armor, hakama, hanfu with crossed wide sleeves of Ming court, Japanese katana, text, frame border"
takbon_09,res://assets/minigames/takbon/sheet_09.png,minigame,제9첩 판목,,"carved pear-wood printing block of Daedongyeojido sheet 9, relief carved mountains and rivers, ink residue, seen from above, Joseon-era Korean ink-and-wash painting (sumukchaesaek) on aged hanji mulberry paper, muted mineral pigments (malachite green, azurite blue, ochre, cinnabar red, ink black), confident brush strokes with dry-brush texture, soft paper grain, restrained palette, in the manner of Kim Hong-do and Jeong Seon, flat frontal composition filling the frame, even lighting, 1:1 --ar 1:1 --style raw","photorealistic, 3d render, anime, chibi, western fantasy, neon, glossy plastic, text, watermark, signature, modern clothing, Chinese Qing costume, Manchu queue hairstyle, Japanese kimono, samurai armor, hakama, hanfu with crossed wide sleeves of Ming court, Japanese katana, text, frame border"
takbon_10,res://assets/minigames/takbon/sheet_10.png,minigame,제10첩 판목,,"carved pear-wood printing block of Daedongyeojido sheet 10, relief carved mountains and rivers, ink residue, seen from above, Joseon-era Korean ink-and-wash painting (sumukchaesaek) on aged hanji mulberry paper, muted mineral pigments (malachite green, azurite blue, ochre, cinnabar red, ink black), confident brush strokes with dry-brush texture, soft paper grain, restrained palette, in the manner of Kim Hong-do and Jeong Seon, flat frontal composition filling the frame, even lighting, 1:1 --ar 1:1 --style raw","photorealistic, 3d render, anime, chibi, western fantasy, neon, glossy plastic, text, watermark, signature, modern clothing, Chinese Qing costume, Manchu queue hairstyle, Japanese kimono, samurai armor, hakama, hanfu with crossed wide sleeves of Ming court, Japanese katana, text, frame border"
takbon_11,res://assets/minigames/takbon/sheet_11.png,minigame,제11첩 판목,,"carved pear-wood printing block of Daedongyeojido sheet 11, relief carved mountains and rivers, ink residue, seen from above, Joseon-era Korean ink-and-wash painting (sumukchaesaek) on aged hanji mulberry paper, muted mineral pigments (malachite green, azurite blue, ochre, cinnabar red, ink black), confident brush strokes with dry-brush texture, soft paper grain, restrained palette, in the manner of Kim Hong-do and Jeong Seon, flat frontal composition filling the frame, even lighting, 1:1 --ar 1:1 --style raw","photorealistic, 3d render, anime, chibi, western fantasy, neon, glossy plastic, text, watermark, signature, modern clothing, Chinese Qing costume, Manchu queue hairstyle, Japanese kimono, samurai armor, hakama, hanfu with crossed wide sleeves of Ming court, Japanese katana, text, frame border"
takbon_12,res://assets/minigames/takbon/sheet_12.png,minigame,제12첩 판목,,"carved pear-wood printing block of Daedongyeojido sheet 12, relief carved mountains and rivers, ink residue, seen from above, Joseon-era Korean ink-and-wash painting (sumukchaesaek) on aged hanji mulberry paper, muted mineral pigments (malachite green, azurite blue, ochre, cinnabar red, ink black), confident brush strokes with dry-brush texture, soft paper grain, restrained palette, in the manner of Kim Hong-do and Jeong Seon, flat frontal composition filling the frame, even lighting, 1:1 --ar 1:1 --style raw","photorealistic, 3d render, anime, chibi, western fantasy, neon, glossy plastic, text, watermark, signature, modern clothing, Chinese Qing costume, Manchu queue hairstyle, Japanese kimono, samurai armor, hakama, hanfu with crossed wide sleeves of Ming court, Japanese katana, text, frame border"
takbon_13,res://assets/minigames/takbon/sheet_13.png,minigame,제13첩 판목,,"carved pear-wood printing block of Daedongyeojido sheet 13, relief carved mountains and rivers, ink residue, seen from above, Joseon-era Korean ink-and-wash painting (sumukchaesaek) on aged hanji mulberry paper, muted mineral pigments (malachite green, azurite blue, ochre, cinnabar red, ink black), confident brush strokes with dry-brush texture, soft paper grain, restrained palette, in the manner of Kim Hong-do and Jeong Seon, flat frontal composition filling the frame, even lighting, 1:1 --ar 1:1 --style raw","photorealistic, 3d render, anime, chibi, western fantasy, neon, glossy plastic, text, watermark, signature, modern clothing, Chinese Qing costume, Manchu queue hairstyle, Japanese kimono, samurai armor, hakama, hanfu with crossed wide sleeves of Ming court, Japanese katana, text, frame border"
takbon_14,res://assets/minigames/takbon/sheet_14.png,minigame,제14첩 판목,,"carved pear-wood printing block of Daedongyeojido sheet 14, relief carved mountains and rivers, ink residue, seen from above, Joseon-era Korean ink-and-wash painting (sumukchaesaek) on aged hanji mulberry paper, muted mineral pigments (malachite green, azurite blue, ochre, cinnabar red, ink black), confident brush strokes with dry-brush texture, soft paper grain, restrained palette, in the manner of Kim Hong-do and Jeong Seon, flat frontal composition filling the frame, even lighting, 1:1 --ar 1:1 --style raw","photorealistic, 3d render, anime, chibi, western fantasy, neon, glossy plastic, text, watermark, signature, modern clothing, Chinese Qing costume, Manchu queue hairstyle, Japanese kimono, samurai armor, hakama, hanfu with crossed wide sleeves of Ming court, Japanese katana, text, frame border"
takbon_15,res://assets/minigames/takbon/sheet_15.png,minigame,제15첩 판목,,"carved pear-wood printing block of Daedongyeojido sheet 15, relief carved mountains and rivers, ink residue, seen from above, Joseon-era Korean ink-and-wash painting (sumukchaesaek) on aged hanji mulberry paper, muted mineral pigments (malachite green, azurite blue, ochre, cinnabar red, ink black), confident brush strokes with dry-brush texture, soft paper grain, restrained palette, in the manner of Kim Hong-do and Jeong Seon, flat frontal composition filling the frame, even lighting, 1:1 --ar 1:1 --style raw","photorealistic, 3d render, anime, chibi, western fantasy, neon, glossy plastic, text, watermark, signature, modern clothing, Chinese Qing costume, Manchu queue hairstyle, Japanese kimono, samurai armor, hakama, hanfu with crossed wide sleeves of Ming court, Japanese katana, text, frame border"
takbon_16,res://assets/minigames/takbon/sheet_16.png,minigame,제16첩 판목,,"carved pear-wood printing block of Daedongyeojido sheet 16, relief carved mountains and rivers, ink residue, seen from above, Joseon-era Korean ink-and-wash painting (sumukchaesaek) on aged hanji mulberry paper, muted mineral pigments (malachite green, azurite blue, ochre, cinnabar red, ink black), confident brush strokes with dry-brush texture, soft paper grain, restrained palette, in the manner of Kim Hong-do and Jeong Seon, flat frontal composition filling the frame, even lighting, 1:1 --ar 1:1 --style raw","photorealistic, 3d render, anime, chibi, western fantasy, neon, glossy plastic, text, watermark, signature, modern clothing, Chinese Qing costume, Manchu queue hairstyle, Japanese kimono, samurai armor, hakama, hanfu with crossed wide sleeves of Ming court, Japanese katana, text, frame border"
takbon_17,res://assets/minigames/takbon/sheet_17.png,minigame,제17첩 판목,,"carved pear-wood printing block of Daedongyeojido sheet 17, relief carved mountains and rivers, ink residue, seen from above, Joseon-era Korean ink-and-wash painting (sumukchaesaek) on aged hanji mulberry paper, muted mineral pigments (malachite green, azurite blue, ochre, cinnabar red, ink black), confident brush strokes with dry-brush texture, soft paper grain, restrained palette, in the manner of Kim Hong-do and Jeong Seon, flat frontal composition filling the frame, even lighting, 1:1 --ar 1:1 --style raw","photorealistic, 3d render, anime, chibi, western fantasy, neon, glossy plastic, text, watermark, signature, modern clothing, Chinese Qing costume, Manchu queue hairstyle, Japanese kimono, samurai armor, hakama, hanfu with crossed wide sleeves of Ming court, Japanese katana, text, frame border"
takbon_18,res://assets/minigames/takbon/sheet_18.png,minigame,제18첩 판목,,"carved pear-wood printing block of Daedongyeojido sheet 18, relief carved mountains and rivers, ink residue, seen from above, Joseon-era Korean ink-and-wash painting (sumukchaesaek) on aged hanji mulberry paper, muted mineral pigments (malachite green, azurite blue, ochre, cinnabar red, ink black), confident brush strokes with dry-brush texture, soft paper grain, restrained palette, in the manner of Kim Hong-do and Jeong Seon, flat frontal composition filling the frame, even lighting, 1:1 --ar 1:1 --style raw","photorealistic, 3d render, anime, chibi, western fantasy, neon, glossy plastic, text, watermark, signature, modern clothing, Chinese Qing costume, Manchu queue hairstyle, Japanese kimono, samurai armor, hakama, hanfu with crossed wide sleeves of Ming court, Japanese katana, text, frame border"
takbon_19,res://assets/minigames/takbon/sheet_19.png,minigame,제19첩 판목,,"carved pear-wood printing block of Daedongyeojido sheet 19, relief carved mountains and rivers, ink residue, seen from above, Joseon-era Korean ink-and-wash painting (sumukchaesaek) on aged hanji mulberry paper, muted mineral pigments (malachite green, azurite blue, ochre, cinnabar red, ink black), confident brush strokes with dry-brush texture, soft paper grain, restrained palette, in the manner of Kim Hong-do and Jeong Seon, flat frontal composition filling the frame, even lighting, 1:1 --ar 1:1 --style raw","photorealistic, 3d render, anime, chibi, western fantasy, neon, glossy plastic, text, watermark, signature, modern clothing, Chinese Qing costume, Manchu queue hairstyle, Japanese kimono, samurai armor, hakama, hanfu with crossed wide sleeves of Ming court, Japanese katana, text, frame border"
takbon_20,res://assets/minigames/takbon/sheet_20.png,minigame,제20첩 판목,,"carved pear-wood printing block of Daedongyeojido sheet 20, relief carved mountains and rivers, ink residue, seen from above, Joseon-era Korean ink-and-wash painting (sumukchaesaek) on aged hanji mulberry paper, muted mineral pigments (malachite green, azurite blue, ochre, cinnabar red, ink black), confident brush strokes with dry-brush texture, soft paper grain, restrained palette, in the manner of Kim Hong-do and Jeong Seon, flat frontal composition filling the frame, even lighting, 1:1 --ar 1:1 --style raw","photorealistic, 3d render, anime, chibi, western fantasy, neon, glossy plastic, text, watermark, signature, modern clothing, Chinese Qing costume, Manchu queue hairstyle, Japanese kimono, samurai armor, hakama, hanfu with crossed wide sleeves of Ming court, Japanese katana, text, frame border"
takbon_21,res://assets/minigames/takbon/sheet_21.png,minigame,제21첩 판목,,"carved pear-wood printing block of Daedongyeojido sheet 21, relief carved mountains and rivers, ink residue, seen from above, Joseon-era Korean ink-and-wash painting (sumukchaesaek) on aged hanji mulberry paper, muted mineral pigments (malachite green, azurite blue, ochre, cinnabar red, ink black), confident brush strokes with dry-brush texture, soft paper grain, restrained palette, in the manner of Kim Hong-do and Jeong Seon, flat frontal composition filling the frame, even lighting, 1:1 --ar 1:1 --style raw","photorealistic, 3d render, anime, chibi, western fantasy, neon, glossy plastic, text, watermark, signature, modern clothing, Chinese Qing costume, Manchu queue hairstyle, Japanese kimono, samurai armor, hakama, hanfu with crossed wide sleeves of Ming court, Japanese katana, text, frame border"
takbon_22,res://assets/minigames/takbon/sheet_22.png,minigame,제22첩 판목,,"carved pear-wood printing block of Daedongyeojido sheet 22, relief carved mountains and rivers, ink residue, seen from above, Joseon-era Korean ink-and-wash painting (sumukchaesaek) on aged hanji mulberry paper, muted mineral pigments (malachite green, azurite blue, ochre, cinnabar red, ink black), confident brush strokes with dry-brush texture, soft paper grain, restrained palette, in the manner of Kim Hong-do and Jeong Seon, flat frontal composition filling the frame, even lighting, 1:1 --ar 1:1 --style raw","photorealistic, 3d render, anime, chibi, western fantasy, neon, glossy plastic, text, watermark, signature, modern clothing, Chinese Qing costume, Manchu queue hairstyle, Japanese kimono, samurai armor, hakama, hanfu with crossed wide sleeves of Ming court, Japanese katana, text, frame border"
