id,path,kind,name_kr,costume,prompt,negative,enemy_kind
en_bandit,res://assets/portraits/en_bandit.png,portrait,화적패 졸개,,"Joseon mountain bandit (hwajeok) in ragged hemp clothes and headband, wooden club, menacing, battle portrait, Joseon-era Korean ink-and-wash painting (sumukchaesaek) on aged hanji mulberry paper, muted mineral pigments (malachite green, azurite blue, ochre, cinnabar red, ink black), confident brush strokes with dry-brush texture, soft paper grain, restrained palette, in the manner of Kim Hong-do and Jeong Seon, half-length portrait, three-quarter view, calm dignified expression, plain hanji background with faint ink wash, 4:5 --ar 4:5 --style raw","photorealistic, 3d render, anime, chibi, western fantasy, neon, glossy plastic, text, watermark, signature, modern clothing, Chinese Qing costume, Manchu queue hairstyle, Japanese kimono, samurai armor, hakama, hanfu with crossed wide sleeves of Ming court, Japanese katana, extra fingers, deformed hands, multiple people",human
en_wolf,res://assets/portraits/en_wolf.png,portrait,늑대 무리,,"pack of grey Korean wolves in snowy pine forest, menacing, battle portrait, Joseon-era Korean ink-and-wash painting (sumukchaesaek) on aged hanji mulberry paper, muted mineral pigments (malachite green, azurite blue, ochre, cinnabar red, ink black), confident brush strokes with dry-brush texture, soft paper grain, restrained palette, in the manner of Kim Hong-do and Jeong Seon, half-length portrait, three-quarter view, calm dignified expression, plain hanji background with faint ink wash, 4:5 --ar 4:5 --style raw","photorealistic, 3d render, anime, chibi, western fantasy, neon, glossy plastic, text, watermark, signature, modern clothing, Chinese Qing costume, Manchu queue hairstyle, Japanese kimono, samurai armor, hakama, hanfu with crossed wide sleeves of Ming court, Japanese katana, extra fingers, deformed hands, multiple people",beast
en_dokkaebi_small,res://assets/portraits/en_dokkaebi_small.png,portrait,꼬마 도깨비,,"small mischievous Korean dokkaebi goblin with one horn and a spiked club, playful, not Japanese oni, menacing, battle portrait, Joseon-era Korean ink-and-wash painting (sumukchaesaek) on aged hanji mulberry paper, muted mineral pigments (malachite green, azurite blue, ochre, cinnabar red, ink black), confident brush strokes with dry-brush texture, soft paper grain, restrained palette, in the manner of Kim Hong-do and Jeong Seon, half-length portrait, three-quarter view, calm dignified expression, plain hanji background with faint ink wash, 4:5 --ar 4:5 --style raw","photorealistic, 3d render, anime, chibi, western fantasy, neon, glossy plastic, text, watermark, signature, modern clothing, Chinese Qing costume, Manchu queue hairstyle, Japanese kimono, samurai armor, hakama, hanfu with crossed wide sleeves of Ming court, Japanese katana, extra fingers, deformed hands, multiple people",yokai
en_yagwanggwi,res://assets/portraits/en_yagwanggwi.png,portrait,야광귀(夜光鬼),,"yagwanggwi, a New-Year night ghost that steals shoes, glowing faint body, menacing, battle portrait, Joseon-era Korean ink-and-wash painting (sumukchaesaek) on aged hanji mulberry paper, muted mineral pigments (malachite green, azurite blue, ochre, cinnabar red, ink black), confident brush strokes with dry-brush texture, soft paper grain, restrained palette, in the manner of Kim Hong-do and Jeong Seon, half-length portrait, three-quarter view, calm dignified expression, plain hanji background with faint ink wash, 4:5 --ar 4:5 --style raw","photorealistic, 3d render, anime, chibi, western fantasy, neon, glossy plastic, text, watermark, signature, modern clothing, Chinese Qing costume, Manchu queue hairstyle, Japanese kimono, samurai armor, hakama, hanfu with crossed wide sleeves of Ming court, Japanese katana, extra fingers, deformed hands, multiple people",yokai
en_galjae_bandit,res://assets/portraits/en_galjae_bandit.png,portrait,갈재 화적패 두목,,"Joseon bandit chief of Galjae pass, scarred face, stolen cheollik robe, hwando sword, menacing, battle portrait, Joseon-era Korean ink-and-wash painting (sumukchaesaek) on aged hanji mulberry paper, muted mineral pigments (malachite green, azurite blue, ochre, cinnabar red, ink black), confident brush strokes with dry-brush texture, soft paper grain, restrained palette, in the manner of Kim Hong-do and Jeong Seon, half-length portrait, three-quarter view, calm dignified expression, plain hanji background with faint ink wash, 4:5 --ar 4:5 --style raw","photorealistic, 3d render, anime, chibi, western fantasy, neon, glossy plastic, text, watermark, signature, modern clothing, Chinese Qing costume, Manchu queue hairstyle, Japanese kimono, samurai armor, hakama, hanfu with crossed wide sleeves of Ming court, Japanese katana, extra fingers, deformed hands, multiple people",human
en_pirate,res://assets/portraits/en_pirate.png,portrait,해적 무리,,"coastal raider crew on a small wooden boat, rough cotton clothes, hooked spears, menacing, battle portrait, Joseon-era Korean ink-and-wash painting (sumukchaesaek) on aged hanji mulberry paper, muted mineral pigments (malachite green, azurite blue, ochre, cinnabar red, ink black), confident brush strokes with dry-brush texture, soft paper grain, restrained palette, in the manner of Kim Hong-do and Jeong Seon, half-length portrait, three-quarter view, calm dignified expression, plain hanji background with faint ink wash, 4:5 --ar 4:5 --style raw","photorealistic, 3d render, anime, chibi, western fantasy, neon, glossy plastic, text, watermark, signature, modern clothing, Chinese Qing costume, Manchu queue hairstyle, Japanese kimono, samurai armor, hakama, hanfu with crossed wide sleeves of Ming court, Japanese katana, extra fingers, deformed hands, multiple people",human
en_tiger,res://assets/portraits/en_tiger.png,portrait,산군 호랑이,,"Korean Amur tiger, sansin guardian, as in Joseon minhwa tiger paintings, menacing, battle portrait, Joseon-era Korean ink-and-wash painting (sumukchaesaek) on aged hanji mulberry paper, muted mineral pigments (malachite green, azurite blue, ochre, cinnabar red, ink black), confident brush strokes with dry-brush texture, soft paper grain, restrained palette, in the manner of Kim Hong-do and Jeong Seon, half-length portrait, three-quarter view, calm dignified expression, plain hanji background with faint ink wash, 4:5 --ar 4:5 --style raw","photorealistic, 3d render, anime, chibi, western fantasy, neon, glossy plastic, text, watermark, signature, modern clothing, Chinese Qing costume, Manchu queue hairstyle, Japanese kimono, samurai armor, hakama, hanfu with crossed wide sleeves of Ming court, Japanese katana, extra fingers, deformed hands, multiple people",beast
en_dokkaebi,res://assets/portraits/en_dokkaebi.png,portrait,도깨비,,"Korean dokkaebi goblin with a magic club (dokkaebi bangmangi), roguish grin, not Japanese oni, menacing, battle portrait, Joseon-era Korean ink-and-wash painting (sumukchaesaek) on aged hanji mulberry paper, muted mineral pigments (malachite green, azurite blue, ochre, cinnabar red, ink black), confident brush strokes with dry-brush texture, soft paper grain, restrained palette, in the manner of Kim Hong-do and Jeong Seon, half-length portrait, three-quarter view, calm dignified expression, plain hanji background with faint ink wash, 4:5 --ar 4:5 --style raw","photorealistic, 3d render, anime, chibi, western fantasy, neon, glossy plastic, text, watermark, signature, modern clothing, Chinese Qing costume, Manchu queue hairstyle, Japanese kimono, samurai armor, hakama, hanfu with crossed wide sleeves of Ming court, Japanese katana, extra fingers, deformed hands, multiple people",yokai
en_ghost,res://assets/portraits/en_ghost.png,portrait,처녀귀신,,"Korean maiden ghost (cheonyeo gwisin) in white sobok mourning dress, long loose black hair, menacing, battle portrait, Joseon-era Korean ink-and-wash painting (sumukchaesaek) on aged hanji mulberry paper, muted mineral pigments (malachite green, azurite blue, ochre, cinnabar red, ink black), confident brush strokes with dry-brush texture, soft paper grain, restrained palette, in the manner of Kim Hong-do and Jeong Seon, half-length portrait, three-quarter view, calm dignified expression, plain hanji background with faint ink wash, 4:5 --ar 4:5 --style raw","photorealistic, 3d render, anime, chibi, western fantasy, neon, glossy plastic, text, watermark, signature, modern clothing, Chinese Qing costume, Manchu queue hairstyle, Japanese kimono, samurai armor, hakama, hanfu with crossed wide sleeves of Ming court, Japanese katana, extra fingers, deformed hands, multiple people",ghost
en_cultist,res://assets/portraits/en_cultist.png,portrait,단군굴 사교도,,"cult followers in hooded hemp robes with red talisman sashes, in a cave, menacing, battle portrait, Joseon-era Korean ink-and-wash painting (sumukchaesaek) on aged hanji mulberry paper, muted mineral pigments (malachite green, azurite blue, ochre, cinnabar red, ink black), confident brush strokes with dry-brush texture, soft paper grain, restrained palette, in the manner of Kim Hong-do and Jeong Seon, half-length portrait, three-quarter view, calm dignified expression, plain hanji background with faint ink wash, 4:5 --ar 4:5 --style raw","photorealistic, 3d render, anime, chibi, western fantasy, neon, glossy plastic, text, watermark, signature, modern clothing, Chinese Qing costume, Manchu queue hairstyle, Japanese kimono, samurai armor, hakama, hanfu with crossed wide sleeves of Ming court, Japanese katana, extra fingers, deformed hands, multiple people",human
en_gumiho,res://assets/portraits/en_gumiho.png,portrait,구미호,,"Korean nine-tailed fox (gumiho) half transformed from a woman in hanbok, menacing, battle portrait, Joseon-era Korean ink-and-wash painting (sumukchaesaek) on aged hanji mulberry paper, muted mineral pigments (malachite green, azurite blue, ochre, cinnabar red, ink black), confident brush strokes with dry-brush texture, soft paper grain, restrained palette, in the manner of Kim Hong-do and Jeong Seon, half-length portrait, three-quarter view, calm dignified expression, plain hanji background with faint ink wash, 4:5 --ar 4:5 --style raw","photorealistic, 3d render, anime, chibi, western fantasy, neon, glossy plastic, text, watermark, signature, modern clothing, Chinese Qing costume, Manchu queue hairstyle, Japanese kimono, samurai armor, hakama, hanfu with crossed wide sleeves of Ming court, Japanese katana, extra fingers, deformed hands, multiple people",yokai
en_spirit_minion,res://assets/portraits/en_spirit_minion.png,portrait,원령 권속,,"wisps of resentful spirits in white tattered cloth, menacing, battle portrait, Joseon-era Korean ink-and-wash painting (sumukchaesaek) on aged hanji mulberry paper, muted mineral pigments (malachite green, azurite blue, ochre, cinnabar red, ink black), confident brush strokes with dry-brush texture, soft paper grain, restrained palette, in the manner of Kim Hong-do and Jeong Seon, half-length portrait, three-quarter view, calm dignified expression, plain hanji background with faint ink wash, 4:5 --ar 4:5 --style raw","photorealistic, 3d render, anime, chibi, western fantasy, neon, glossy plastic, text, watermark, signature, modern clothing, Chinese Qing costume, Manchu queue hairstyle, Japanese kimono, samurai armor, hakama, hanfu with crossed wide sleeves of Ming court, Japanese katana, extra fingers, deformed hands, multiple people",ghost
en_cheolgwi,res://assets/portraits/en_cheolgwi.png,portrait,철귀(鐵鬼),,"iron-eating demon made of rusted iron plates, menacing, battle portrait, Joseon-era Korean ink-and-wash painting (sumukchaesaek) on aged hanji mulberry paper, muted mineral pigments (malachite green, azurite blue, ochre, cinnabar red, ink black), confident brush strokes with dry-brush texture, soft paper grain, restrained palette, in the manner of Kim Hong-do and Jeong Seon, half-length portrait, three-quarter view, calm dignified expression, plain hanji background with faint ink wash, 4:5 --ar 4:5 --style raw","photorealistic, 3d render, anime, chibi, western fantasy, neon, glossy plastic, text, watermark, signature, modern clothing, Chinese Qing costume, Manchu queue hairstyle, Japanese kimono, samurai armor, hakama, hanfu with crossed wide sleeves of Ming court, Japanese katana, extra fingers, deformed hands, multiple people",yokai
en_lava_serpent,res://assets/portraits/en_lava_serpent.png,portrait,화산 이무기 새끼,,"young imugi serpent of volcanic rock and lava, menacing, battle portrait, Joseon-era Korean ink-and-wash painting (sumukchaesaek) on aged hanji mulberry paper, muted mineral pigments (malachite green, azurite blue, ochre, cinnabar red, ink black), confident brush strokes with dry-brush texture, soft paper grain, restrained palette, in the manner of Kim Hong-do and Jeong Seon, half-length portrait, three-quarter view, calm dignified expression, plain hanji background with faint ink wash, 4:5 --ar 4:5 --style raw","photorealistic, 3d render, anime, chibi, western fantasy, neon, glossy plastic, text, watermark, signature, modern clothing, Chinese Qing costume, Manchu queue hairstyle, Japanese kimono, samurai armor, hakama, hanfu with crossed wide sleeves of Ming court, Japanese katana, extra fingers, deformed hands, multiple people",dragon
en_yeokcheon_disciple,res://assets/portraits/en_yeokcheon_disciple.png,portrait,역천 사도,,"heretical sorcerer disciple in black hakchangui robe with inverted trigram embroidery, menacing, battle portrait, Joseon-era Korean ink-and-wash painting (sumukchaesaek) on aged hanji mulberry paper, muted mineral pigments (malachite green, azurite blue, ochre, cinnabar red, ink black), confident brush strokes with dry-brush texture, soft paper grain, restrained palette, in the manner of Kim Hong-do and Jeong Seon, half-length portrait, three-quarter view, calm dignified expression, plain hanji background with faint ink wash, 4:5 --ar 4:5 --style raw","photorealistic, 3d render, anime, chibi, western fantasy, neon, glossy plastic, text, watermark, signature, modern clothing, Chinese Qing costume, Manchu queue hairstyle, Japanese kimono, samurai armor, hakama, hanfu with crossed wide sleeves of Ming court, Japanese katana, extra fingers, deformed hands, multiple people",human
en_bulgasari,res://assets/portraits/en_bulgasari.png,portrait,불가사리,,"Bulgasari, iron-eating chimera with bear body, elephant nose, rhinoceros eyes, menacing, battle portrait, Joseon-era Korean ink-and-wash painting (sumukchaesaek) on aged hanji mulberry paper, muted mineral pigments (malachite green, azurite blue, ochre, cinnabar red, ink black), confident brush strokes with dry-brush texture, soft paper grain, restrained palette, in the manner of Kim Hong-do and Jeong Seon, half-length portrait, three-quarter view, calm dignified expression, plain hanji background with faint ink wash, 4:5 --ar 4:5 --style raw","photorealistic, 3d render, anime, chibi, western fantasy, neon, glossy plastic, text, watermark, signature, modern clothing, Chinese Qing costume, Manchu queue hairstyle, Japanese kimono, samurai armor, hakama, hanfu with crossed wide sleeves of Ming court, Japanese katana, extra fingers, deformed hands, multiple people",yokai
en_imugi,res://assets/portraits/en_imugi.png,portrait,이무기,,"imugi, a great serpent that has not yet become a dragon, holding no pearl, menacing, battle portrait, Joseon-era Korean ink-and-wash painting (sumukchaesaek) on aged hanji mulberry paper, muted mineral pigments (malachite green, azurite blue, ochre, cinnabar red, ink black), confident brush strokes with dry-brush texture, soft paper grain, restrained palette, in the manner of Kim Hong-do and Jeong Seon, half-length portrait, three-quarter view, calm dignified expression, plain hanji background with faint ink wash, 4:5 --ar 4:5 --style raw","photorealistic, 3d render, anime, chibi, western fantasy, neon, glossy plastic, text, watermark, signature, modern clothing, Chinese Qing costume, Manchu queue hairstyle, Japanese kimono, samurai armor, hakama, hanfu with crossed wide sleeves of Ming court, Japanese katana, extra fingers, deformed hands, multiple people",dragon
en_jirisan_sanshin,res://assets/portraits/en_jirisan_sanshin.png,portrait,지리산 타락 산신,,"corrupted mountain god of Jirisan, old man with white beard, tiger companion, darkened aura, menacing, battle portrait, Joseon-era Korean ink-and-wash painting (sumukchaesaek) on aged hanji mulberry paper, muted mineral pigments (malachite green, azurite blue, ochre, cinnabar red, ink black), confident brush strokes with dry-brush texture, soft paper grain, restrained palette, in the manner of Kim Hong-do and Jeong Seon, half-length portrait, three-quarter view, calm dignified expression, plain hanji background with faint ink wash, 4:5 --ar 4:5 --style raw","photorealistic, 3d render, anime, chibi, western fantasy, neon, glossy plastic, text, watermark, signature, modern clothing, Chinese Qing costume, Manchu queue hairstyle, Japanese kimono, samurai armor, hakama, hanfu with crossed wide sleeves of Ming court, Japanese katana, extra fingers, deformed hands, multiple people",ghost
en_arang,res://assets/portraits/en_arang.png,portrait,아랑사령,,"Arang, wronged maiden spirit of Miryang, white dress, bleeding hairpin, menacing, battle portrait, Joseon-era Korean ink-and-wash painting (sumukchaesaek) on aged hanji mulberry paper, muted mineral pigments (malachite green, azurite blue, ochre, cinnabar red, ink black), confident brush strokes with dry-brush texture, soft paper grain, restrained palette, in the manner of Kim Hong-do and Jeong Seon, half-length portrait, three-quarter view, calm dignified expression, plain hanji background with faint ink wash, 4:5 --ar 4:5 --style raw","photorealistic, 3d render, anime, chibi, western fantasy, neon, glossy plastic, text, watermark, signature, modern clothing, Chinese Qing costume, Manchu queue hairstyle, Japanese kimono, samurai armor, hakama, hanfu with crossed wide sleeves of Ming court, Japanese katana, extra fingers, deformed hands, multiple people",ghost
en_heukryong,res://assets/portraits/en_heukryong.png,portrait,천지 흑룡,,"black dragon of Cheonji lake on Baekdu mountain, holding a yeouiju pearl, Korean dragon with four claws, menacing, battle portrait, Joseon-era Korean ink-and-wash painting (sumukchaesaek) on aged hanji mulberry paper, muted mineral pigments (malachite green, azurite blue, ochre, cinnabar red, ink black), confident brush strokes with dry-brush texture, soft paper grain, restrained palette, in the manner of Kim Hong-do and Jeong Seon, half-length portrait, three-quarter view, calm dignified expression, plain hanji background with faint ink wash, 4:5 --ar 4:5 --style raw","photorealistic, 3d render, anime, chibi, western fantasy, neon, glossy plastic, text, watermark, signature, modern clothing, Chinese Qing costume, Manchu queue hairstyle, Japanese kimono, samurai armor, hakama, hanfu with crossed wide sleeves of Ming court, Japanese katana, extra fingers, deformed hands, multiple people",dragon
en_yeokcheon,res://assets/portraits/en_yeokcheon.png,portrait,역천지마,,"the heaven-defying demon lord, colossal shadow in ink with inverted taeguk, menacing, battle portrait, Joseon-era Korean ink-and-wash painting (sumukchaesaek) on aged hanji mulberry paper, muted mineral pigments (malachite green, azurite blue, ochre, cinnabar red, ink black), confident brush strokes with dry-brush texture, soft paper grain, restrained palette, in the manner of Kim Hong-do and Jeong Seon, half-length portrait, three-quarter view, calm dignified expression, plain hanji background with faint ink wash, 4:5 --ar 4:5 --style raw","photorealistic, 3d render, anime, chibi, western fantasy, neon, glossy plastic, text, watermark, signature, modern clothing, Chinese Qing costume, Manchu queue hairstyle, Japanese kimono, samurai armor, hakama, hanfu with crossed wide sleeves of Ming court, Japanese katana, extra fingers, deformed hands, multiple people",yokai
