id,path,kind,name_kr,costume,prompt,negative,era
hero_cls_eosa_walk,res://assets/characters/hero_cls_eosa/walk.png,sprite,어사 walk,eosa,"young Joseon 어사 traveller, walking animation, Joseon royal secret inspector (amhaeng eosa) in shabby dopo robe hiding a horse tablet (mapae), torn gat hat, Joseon-era Korean ink-and-wash painting (sumukchaesaek) on aged hanji mulberry paper, muted mineral pigments (malachite green, azurite blue, ochre, cinnabar red, ink black), confident brush strokes with dry-brush texture, soft paper grain, restrained palette, in the manner of Kim Hong-do and Jeong Seon, full body side view facing right, walking cycle reference sheet, 8 frames in one row, consistent proportions, transparent background --ar 8:1 --style raw","photorealistic, 3d render, anime, chibi, western fantasy, neon, glossy plastic, text, watermark, signature, modern clothing, Chinese Qing costume, Manchu queue hairstyle, Japanese kimono, samurai armor, hakama, hanfu with crossed wide sleeves of Ming court, Japanese katana, background scenery, cropped feet",
hero_cls_eosa_idle,res://assets/characters/hero_cls_eosa/idle.png,sprite,어사 idle,eosa,"young Joseon 어사 traveller, idle breathing animation, Joseon royal secret inspector (amhaeng eosa) in shabby dopo robe hiding a horse tablet (mapae), torn gat hat, Joseon-era Korean ink-and-wash painting (sumukchaesaek) on aged hanji mulberry paper, muted mineral pigments (malachite green, azurite blue, ochre, cinnabar red, ink black), confident brush strokes with dry-brush texture, soft paper grain, restrained palette, in the manner of Kim Hong-do and Jeong Seon, full body side view facing right, walking cycle reference sheet, 8 frames in one row, consistent proportions, transparent background --ar 8:1 --style raw","photorealistic, 3d render, anime, chibi, western fantasy, neon, glossy plastic, text, watermark, signature, modern clothing, Chinese Qing costume, Manchu queue hairstyle, Japanese kimono, samurai armor, hakama, hanfu with crossed wide sleeves of Ming court, Japanese katana, background scenery, cropped feet",
hero_cls_merchant_walk,res://assets/characters/hero_cls_merchant/walk.png,sprite,상인 walk,merchant,"young Joseon 상인 traveller, walking animation, Joseon bobusang peddler in undyed cotton jeogori and baji, paeraengi bamboo hat with white cotton balls, jige A-frame carrier on the back, Joseon-era Korean ink-and-wash painting (sumukchaesaek) on aged hanji mulberry paper, muted mineral pigments (malachite green, azurite blue, ochre, cinnabar red, ink black), confident brush strokes with dry-brush texture, soft paper grain, restrained palette, in the manner of Kim Hong-do and Jeong Seon, full body side view facing right, walking cycle reference sheet, 8 frames in one row, consistent proportions, transparent background --ar 8:1 --style raw","photorealistic, 3d render, anime, chibi, western fantasy, neon, glossy plastic, text, watermark, signature, modern clothing, Chinese Qing costume, Manchu queue hairstyle, Japanese kimono, samurai armor, hakama, hanfu with crossed wide sleeves of Ming court, Japanese katana, background scenery, cropped feet",
hero_cls_merchant_idle,res://assets/characters/hero_cls_merchant/idle.png,sprite,상인 idle,merchant,"young Joseon 상인 traveller, idle breathing animation, Joseon bobusang peddler in undyed cotton jeogori and baji, paeraengi bamboo hat with white cotton balls, jige A-frame carrier on the back, Joseon-era Korean ink-and-wash painting (sumukchaesaek) on aged hanji mulberry paper, muted mineral pigments (malachite green, azurite blue, ochre, cinnabar red, ink black), confident brush strokes with dry-brush texture, soft paper grain, restrained palette, in the manner of Kim Hong-do and Jeong Seon, full body side view facing right, walking cycle reference sheet, 8 frames in one row, consistent proportions, transparent background --ar 8:1 --style raw","photorealistic, 3d render, anime, chibi, western fantasy, neon, glossy plastic, text, watermark, signature, modern clothing, Chinese Qing costume, Manchu queue hairstyle, Japanese kimono, samurai armor, hakama, hanfu with crossed wide sleeves of Ming court, Japanese katana, background scenery, cropped feet",
hero_cls_dosa_walk,res://assets/characters/hero_cls_dosa/walk.png,sprite,도사 walk,dosa,"young Joseon 도사 traveller, walking animation, Korean Taoist hermit in white hakchangui robe with black trim, bokgeon cloth cap, crane-feather fan, Joseon-era Korean ink-and-wash painting (sumukchaesaek) on aged hanji mulberry paper, muted mineral pigments (malachite green, azurite blue, ochre, cinnabar red, ink black), confident brush strokes with dry-brush texture, soft paper grain, restrained palette, in the manner of Kim Hong-do and Jeong Seon, full body side view facing right, walking cycle reference sheet, 8 frames in one row, consistent proportions, transparent background --ar 8:1 --style raw","photorealistic, 3d render, anime, chibi, western fantasy, neon, glossy plastic, text, watermark, signature, modern clothing, Chinese Qing costume, Manchu queue hairstyle, Japanese kimono, samurai armor, hakama, hanfu with crossed wide sleeves of Ming court, Japanese katana, background scenery, cropped feet",
hero_cls_dosa_idle,res://assets/characters/hero_cls_dosa/idle.png,sprite,도사 idle,dosa,"young Joseon 도사 traveller, idle breathing animation, Korean Taoist hermit in white hakchangui robe with black trim, bokgeon cloth cap, crane-feather fan, Joseon-era Korean ink-and-wash painting (sumukchaesaek) on aged hanji mulberry paper, muted mineral pigments (malachite green, azurite blue, ochre, cinnabar red, ink black), confident brush strokes with dry-brush texture, soft paper grain, restrained palette, in the manner of Kim Hong-do and Jeong Seon, full body side view facing right, walking cycle reference sheet, 8 frames in one row, consistent proportions, transparent background --ar 8:1 --style raw","photorealistic, 3d render, anime, chibi, western fantasy, neon, glossy plastic, text, watermark, signature, modern clothing, Chinese Qing costume, Manchu queue hairstyle, Japanese kimono, samurai armor, hakama, hanfu with crossed wide sleeves of Ming court, Japanese katana, background scenery, cropped feet",
cp_chakho_walk,res://assets/characters/cp_chakho/walk.png,sprite,착호갑사 walk,tiger_hunter,"착호갑사, 직업/군사 (조선), walking animation, Joseon tiger-hunting elite soldier (chakho gapsa) in cheollik robe with leg wraps, jeollip hat, bow and spear, Joseon-era Korean ink-and-wash painting (sumukchaesaek) on aged hanji mulberry paper, muted mineral pigments (malachite green, azurite blue, ochre, cinnabar red, ink black), confident brush strokes with dry-brush texture, soft paper grain, restrained palette, in the manner of Kim Hong-do and Jeong Seon, full body side view facing right, walking cycle reference sheet, 8 frames in one row, consistent proportions, transparent background --ar 8:1 --style raw","photorealistic, 3d render, anime, chibi, western fantasy, neon, glossy plastic, text, watermark, signature, modern clothing, Chinese Qing costume, Manchu queue hairstyle, Japanese kimono, samurai armor, hakama, hanfu with crossed wide sleeves of Ming court, Japanese katana, background scenery, cropped feet",조선
cp_jeongyakyong_walk,res://assets/characters/cp_jeongyakyong/walk.png,sprite,정약용 walk,scholar,"정약용, 역사 인물 (조선 후기), walking animation, Joseon seonbi scholar in white or pale jade dopo overcoat with tie sash, black horsehair gat hat with wide brim, beoseon socks, Joseon-era Korean ink-and-wash painting (sumukchaesaek) on aged hanji mulberry paper, muted mineral pigments (malachite green, azurite blue, ochre, cinnabar red, ink black), confident brush strokes with dry-brush texture, soft paper grain, restrained palette, in the manner of Kim Hong-do and Jeong Seon, full body side view facing right, walking cycle reference sheet, 8 frames in one row, consistent proportions, transparent background --ar 8:1 --style raw","photorealistic, 3d render, anime, chibi, western fantasy, neon, glossy plastic, text, watermark, signature, modern clothing, Chinese Qing costume, Manchu queue hairstyle, Japanese kimono, samurai armor, hakama, hanfu with crossed wide sleeves of Ming court, Japanese katana, background scenery, cropped feet",조선 후기
cp_c03_walk,res://assets/characters/cp_c03/walk.png,sprite,문익점 walk,goryeo,"문익점, 역사 인물 (고려 말기), walking animation, Goryeo official in dark green gwanbok robe and black bokdu hat with long horizontal wings, Joseon-era Korean ink-and-wash painting (sumukchaesaek) on aged hanji mulberry paper, muted mineral pigments (malachite green, azurite blue, ochre, cinnabar red, ink black), confident brush strokes with dry-brush texture, soft paper grain, restrained palette, in the manner of Kim Hong-do and Jeong Seon, full body side view facing right, walking cycle reference sheet, 8 frames in one row, consistent proportions, transparent background --ar 8:1 --style raw","photorealistic, 3d render, anime, chibi, western fantasy, neon, glossy plastic, text, watermark, signature, modern clothing, Chinese Qing costume, Manchu queue hairstyle, Japanese kimono, samurai armor, hakama, hanfu with crossed wide sleeves of Ming court, Japanese katana, background scenery, cropped feet",고려 말기
cp_c04_walk,res://assets/characters/cp_c04/walk.png,sprite,박지원 walk,scholar,"박지원, 역사 인물 (조선 후기), walking animation, Joseon seonbi scholar in white or pale jade dopo overcoat with tie sash, black horsehair gat hat with wide brim, beoseon socks, Joseon-era Korean ink-and-wash painting (sumukchaesaek) on aged hanji mulberry paper, muted mineral pigments (malachite green, azurite blue, ochre, cinnabar red, ink black), confident brush strokes with dry-brush texture, soft paper grain, restrained palette, in the manner of Kim Hong-do and Jeong Seon, full body side view facing right, walking cycle reference sheet, 8 frames in one row, consistent proportions, transparent background --ar 8:1 --style raw","photorealistic, 3d render, anime, chibi, western fantasy, neon, glossy plastic, text, watermark, signature, modern clothing, Chinese Qing costume, Manchu queue hairstyle, Japanese kimono, samurai armor, hakama, hanfu with crossed wide sleeves of Ming court, Japanese katana, background scenery, cropped feet",조선 후기
cp_c05_walk,res://assets/characters/cp_c05/walk.png,sprite,심마니 walk,laborer,"심마니, 직업/생산 (시대 무관), walking animation, Joseon commoner craftsman in undyed hemp jeogori and baji with rolled sleeves, white cloth headband, straw jipsin sandals, Joseon-era Korean ink-and-wash painting (sumukchaesaek) on aged hanji mulberry paper, muted mineral pigments (malachite green, azurite blue, ochre, cinnabar red, ink black), confident brush strokes with dry-brush texture, soft paper grain, restrained palette, in the manner of Kim Hong-do and Jeong Seon, full body side view facing right, walking cycle reference sheet, 8 frames in one row, consistent proportions, transparent background --ar 8:1 --style raw","photorealistic, 3d render, anime, chibi, western fantasy, neon, glossy plastic, text, watermark, signature, modern clothing, Chinese Qing costume, Manchu queue hairstyle, Japanese kimono, samurai armor, hakama, hanfu with crossed wide sleeves of Ming court, Japanese katana, background scenery, cropped feet",시대 무관
cp_c06_walk,res://assets/characters/cp_c06/walk.png,sprite,정도전 walk,royal_scholar,"정도전, 역사 인물 (여말선초), walking animation, early Joseon high official in red dallyeong robe with rank badge, black samo hat, Joseon-era Korean ink-and-wash painting (sumukchaesaek) on aged hanji mulberry paper, muted mineral pigments (malachite green, azurite blue, ochre, cinnabar red, ink black), confident brush strokes with dry-brush texture, soft paper grain, restrained palette, in the manner of Kim Hong-do and Jeong Seon, full body side view facing right, walking cycle reference sheet, 8 frames in one row, consistent proportions, transparent background --ar 8:1 --style raw","photorealistic, 3d render, anime, chibi, western fantasy, neon, glossy plastic, text, watermark, signature, modern clothing, Chinese Qing costume, Manchu queue hairstyle, Japanese kimono, samurai armor, hakama, hanfu with crossed wide sleeves of Ming court, Japanese katana, background scenery, cropped feet",여말선초
cp_c07_walk,res://assets/characters/cp_c07/walk.png,sprite,채제공 walk,civil_official,"채제공, 역사 인물 (조선 후기), walking animation, Joseon civil official in black dallyeong robe with round collar and crane rank badge (hyungbae), black samo winged hat, gakdae belt, Joseon-era Korean ink-and-wash painting (sumukchaesaek) on aged hanji mulberry paper, muted mineral pigments (malachite green, azurite blue, ochre, cinnabar red, ink black), confident brush strokes with dry-brush texture, soft paper grain, restrained palette, in the manner of Kim Hong-do and Jeong Seon, full body side view facing right, walking cycle reference sheet, 8 frames in one row, consistent proportions, transparent background --ar 8:1 --style raw","photorealistic, 3d render, anime, chibi, western fantasy, neon, glossy plastic, text, watermark, signature, modern clothing, Chinese Qing costume, Manchu queue hairstyle, Japanese kimono, samurai armor, hakama, hanfu with crossed wide sleeves of Ming court, Japanese katana, background scenery, cropped feet",조선 후기
cp_c08_walk,res://assets/characters/cp_c08/walk.png,sprite,김정희 walk,scholar,"김정희, 역사 인물 (조선 후기), walking animation, Joseon seonbi scholar in white or pale jade dopo overcoat with tie sash, black horsehair gat hat with wide brim, beoseon socks, Joseon-era Korean ink-and-wash painting (sumukchaesaek) on aged hanji mulberry paper, muted mineral pigments (malachite green, azurite blue, ochre, cinnabar red, ink black), confident brush strokes with dry-brush texture, soft paper grain, restrained palette, in the manner of Kim Hong-do and Jeong Seon, full body side view facing right, walking cycle reference sheet, 8 frames in one row, consistent proportions, transparent background --ar 8:1 --style raw","photorealistic, 3d render, anime, chibi, western fantasy, neon, glossy plastic, text, watermark, signature, modern clothing, Chinese Qing costume, Manchu queue hairstyle, Japanese kimono, samurai armor, hakama, hanfu with crossed wide sleeves of Ming court, Japanese katana, background scenery, cropped feet",조선 후기
cp_c09_walk,res://assets/characters/cp_c09/walk.png,sprite,신숙주 walk,royal_scholar,"신숙주, 역사 인물 (조선 전기), walking animation, early Joseon high official in red dallyeong robe with rank badge, black samo hat, Joseon-era Korean ink-and-wash painting (sumukchaesaek) on aged hanji mulberry paper, muted mineral pigments (malachite green, azurite blue, ochre, cinnabar red, ink black), confident brush strokes with dry-brush texture, soft paper grain, restrained palette, in the manner of Kim Hong-do and Jeong Seon, full body side view facing right, walking cycle reference sheet, 8 frames in one row, consistent proportions, transparent background --ar 8:1 --style raw","photorealistic, 3d render, anime, chibi, western fantasy, neon, glossy plastic, text, watermark, signature, modern clothing, Chinese Qing costume, Manchu queue hairstyle, Japanese kimono, samurai armor, hakama, hanfu with crossed wide sleeves of Ming court, Japanese katana, background scenery, cropped feet",조선 전기
cp_c10_walk,res://assets/characters/cp_c10/walk.png,sprite,장영실 walk,civil_official,"장영실, 역사 인물 (조선 전기), walking animation, Joseon civil official in black dallyeong robe with round collar and crane rank badge (hyungbae), black samo winged hat, gakdae belt, Joseon-era Korean ink-and-wash painting (sumukchaesaek) on aged hanji mulberry paper, muted mineral pigments (malachite green, azurite blue, ochre, cinnabar red, ink black), confident brush strokes with dry-brush texture, soft paper grain, restrained palette, in the manner of Kim Hong-do and Jeong Seon, full body side view facing right, walking cycle reference sheet, 8 frames in one row, consistent proportions, transparent background --ar 8:1 --style raw","photorealistic, 3d render, anime, chibi, western fantasy, neon, glossy plastic, text, watermark, signature, modern clothing, Chinese Qing costume, Manchu queue hairstyle, Japanese kimono, samurai armor, hakama, hanfu with crossed wide sleeves of Ming court, Japanese katana, background scenery, cropped feet",조선 전기
cp_c11_walk,res://assets/characters/cp_c11/walk.png,sprite,이천 walk,military,"이천, 역사 인물 (조선 전기), walking animation, Joseon military officer in dark blue cheollik pleated robe, jeollip felt hat with feather and beads, dongae quiver and hwando sword at the waist, Joseon-era Korean ink-and-wash painting (sumukchaesaek) on aged hanji mulberry paper, muted mineral pigments (malachite green, azurite blue, ochre, cinnabar red, ink black), confident brush strokes with dry-brush texture, soft paper grain, restrained palette, in the manner of Kim Hong-do and Jeong Seon, full body side view facing right, walking cycle reference sheet, 8 frames in one row, consistent proportions, transparent background --ar 8:1 --style raw","photorealistic, 3d render, anime, chibi, western fantasy, neon, glossy plastic, text, watermark, signature, modern clothing, Chinese Qing costume, Manchu queue hairstyle, Japanese kimono, samurai armor, hakama, hanfu with crossed wide sleeves of Ming court, Japanese katana, background scenery, cropped feet",조선 전기
cp_c12_walk,res://assets/characters/cp_c12/walk.png,sprite,김정호 walk,scholar,"김정호, 역사 인물 (조선 후기), walking animation, Joseon seonbi scholar in white or pale jade dopo overcoat with tie sash, black horsehair gat hat with wide brim, beoseon socks, Joseon-era Korean ink-and-wash painting (sumukchaesaek) on aged hanji mulberry paper, muted mineral pigments (malachite green, azurite blue, ochre, cinnabar red, ink black), confident brush strokes with dry-brush texture, soft paper grain, restrained palette, in the manner of Kim Hong-do and Jeong Seon, full body side view facing right, walking cycle reference sheet, 8 frames in one row, consistent proportions, transparent background --ar 8:1 --style raw","photorealistic, 3d render, anime, chibi, western fantasy, neon, glossy plastic, text, watermark, signature, modern clothing, Chinese Qing costume, Manchu queue hairstyle, Japanese kimono, samurai armor, hakama, hanfu with crossed wide sleeves of Ming court, Japanese katana, background scenery, cropped feet",조선 후기
cp_yisunsin_walk,res://assets/characters/cp_yisunsin/walk.png,sprite,이순신 walk,military,"이순신, 역사 인물 (조선 중기), walking animation, Joseon military officer in dark blue cheollik pleated robe, jeollip felt hat with feather and beads, dongae quiver and hwando sword at the waist, Joseon-era Korean ink-and-wash painting (sumukchaesaek) on aged hanji mulberry paper, muted mineral pigments (malachite green, azurite blue, ochre, cinnabar red, ink black), confident brush strokes with dry-brush texture, soft paper grain, restrained palette, in the manner of Kim Hong-do and Jeong Seon, full body side view facing right, walking cycle reference sheet, 8 frames in one row, consistent proportions, transparent background --ar 8:1 --style raw","photorealistic, 3d render, anime, chibi, western fantasy, neon, glossy plastic, text, watermark, signature, modern clothing, Chinese Qing costume, Manchu queue hairstyle, Japanese kimono, samurai armor, hakama, hanfu with crossed wide sleeves of Ming court, Japanese katana, background scenery, cropped feet",조선 중기
cp_c14_walk,res://assets/characters/cp_c14/walk.png,sprite,남이 walk,military,"남이, 역사 인물 (조선 전기), walking animation, Joseon military officer in dark blue cheollik pleated robe, jeollip felt hat with feather and beads, dongae quiver and hwando sword at the waist, Joseon-era Korean ink-and-wash painting (sumukchaesaek) on aged hanji mulberry paper, muted mineral pigments (malachite green, azurite blue, ochre, cinnabar red, ink black), confident brush strokes with dry-brush texture, soft paper grain, restrained palette, in the manner of Kim Hong-do and Jeong Seon, full body side view facing right, walking cycle reference sheet, 8 frames in one row, consistent proportions, transparent background --ar 8:1 --style raw","photorealistic, 3d render, anime, chibi, western fantasy, neon, glossy plastic, text, watermark, signature, modern clothing, Chinese Qing costume, Manchu queue hairstyle, Japanese kimono, samurai armor, hakama, hanfu with crossed wide sleeves of Ming court, Japanese katana, background scenery, cropped feet",조선 전기
cp_c15_walk,res://assets/characters/cp_c15/walk.png,sprite,권율 walk,military,"권율, 역사 인물 (조선 중기), walking animation, Joseon military officer in dark blue cheollik pleated robe, jeollip felt hat with feather and beads, dongae quiver and hwando sword at the waist, Joseon-era Korean ink-and-wash painting (sumukchaesaek) on aged hanji mulberry paper, muted mineral pigments (malachite green, azurite blue, ochre, cinnabar red, ink black), confident brush strokes with dry-brush texture, soft paper grain, restrained palette, in the manner of Kim Hong-do and Jeong Seon, full body side view facing right, walking cycle reference sheet, 8 frames in one row, consistent proportions, transparent background --ar 8:1 --style raw","photorealistic, 3d render, anime, chibi, western fantasy, neon, glossy plastic, text, watermark, signature, modern clothing, Chinese Qing costume, Manchu queue hairstyle, Japanese kimono, samurai armor, hakama, hanfu with crossed wide sleeves of Ming court, Japanese katana, background scenery, cropped feet",조선 중기
cp_hwangjini_walk,res://assets/characters/cp_hwangjini/walk.png,sprite,황진이 walk,gisaeng,"황진이, 역사 인물 (조선 중기), walking animation, Joseon gisaeng in very short fitted jeogori and voluminous layered chima, large braided trae-meori hairstyle, as in Shin Yun-bok genre paintings, Joseon-era Korean ink-and-wash painting (sumukchaesaek) on aged hanji mulberry paper, muted mineral pigments (malachite green, azurite blue, ochre, cinnabar red, ink black), confident brush strokes with dry-brush texture, soft paper grain, restrained palette, in the manner of Kim Hong-do and Jeong Seon, full body side view facing right, walking cycle reference sheet, 8 frames in one row, consistent proportions, transparent background --ar 8:1 --style raw","photorealistic, 3d render, anime, chibi, western fantasy, neon, glossy plastic, text, watermark, signature, modern clothing, Chinese Qing costume, Manchu queue hairstyle, Japanese kimono, samurai armor, hakama, hanfu with crossed wide sleeves of Ming court, Japanese katana, background scenery, cropped feet",조선 중기
cp_c17_walk,res://assets/characters/cp_c17/walk.png,sprite,안견 walk,scholar,"안견, 역사 인물 (조선 전기), walking animation, Joseon seonbi scholar in white or pale jade dopo overcoat with tie sash, black horsehair gat hat with wide brim, beoseon socks, Joseon-era Korean ink-and-wash painting (sumukchaesaek) on aged hanji mulberry paper, muted mineral pigments (malachite green, azurite blue, ochre, cinnabar red, ink black), confident brush strokes with dry-brush texture, soft paper grain, restrained palette, in the manner of Kim Hong-do and Jeong Seon, full body side view facing right, walking cycle reference sheet, 8 frames in one row, consistent proportions, transparent background --ar 8:1 --style raw","photorealistic, 3d render, anime, chibi, western fantasy, neon, glossy plastic, text, watermark, signature, modern clothing, Chinese Qing costume, Manchu queue hairstyle, Japanese kimono, samurai armor, hakama, hanfu with crossed wide sleeves of Ming court, Japanese katana, background scenery, cropped feet",조선 전기
cp_kimhongdo_walk,res://assets/characters/cp_kimhongdo/walk.png,sprite,김홍도 walk,scholar,"김홍도, 역사 인물 (조선 후기), walking animation, Joseon seonbi scholar in white or pale jade dopo overcoat with tie sash, black horsehair gat hat with wide brim, beoseon socks, Joseon-era Korean ink-and-wash painting (sumukchaesaek) on aged hanji mulberry paper, muted mineral pigments (malachite green, azurite blue, ochre, cinnabar red, ink black), confident brush strokes with dry-brush texture, soft paper grain, restrained palette, in the manner of Kim Hong-do and Jeong Seon, full body side view facing right, walking cycle reference sheet, 8 frames in one row, consistent proportions, transparent background --ar 8:1 --style raw","photorealistic, 3d render, anime, chibi, western fantasy, neon, glossy plastic, text, watermark, signature, modern clothing, Chinese Qing costume, Manchu queue hairstyle, Japanese kimono, samurai armor, hakama, hanfu with crossed wide sleeves of Ming court, Japanese katana, background scenery, cropped feet",조선 후기
cp_c19_walk,res://assets/characters/cp_c19/walk.png,sprite,신사임당 walk,noblewoman,"신사임당, 역사 인물 (조선 중기), walking animation, Joseon yangban woman in long-sleeved jeogori with colored collar and ottgoreum ribbon, full floor-length chima, hair in a low jjok bun with jade binyeo pin, Joseon-era Korean ink-and-wash painting (sumukchaesaek) on aged hanji mulberry paper, muted mineral pigments (malachite green, azurite blue, ochre, cinnabar red, ink black), confident brush strokes with dry-brush texture, soft paper grain, restrained palette, in the manner of Kim Hong-do and Jeong Seon, full body side view facing right, walking cycle reference sheet, 8 frames in one row, consistent proportions, transparent background --ar 8:1 --style raw","photorealistic, 3d render, anime, chibi, western fantasy, neon, glossy plastic, text, watermark, signature, modern clothing, Chinese Qing costume, Manchu queue hairstyle, Japanese kimono, samurai armor, hakama, hanfu with crossed wide sleeves of Ming court, Japanese katana, background scenery, cropped feet",조선 중기
cp_heojun_walk,res://assets/characters/cp_heojun/walk.png,sprite,허준 walk,civil_official,"허준, 역사 인물 (조선 중기), walking animation, Joseon civil official in black dallyeong robe with round collar and crane rank badge (hyungbae), black samo winged hat, gakdae belt, Joseon-era Korean ink-and-wash painting (sumukchaesaek) on aged hanji mulberry paper, muted mineral pigments (malachite green, azurite blue, ochre, cinnabar red, ink black), confident brush strokes with dry-brush texture, soft paper grain, restrained palette, in the manner of Kim Hong-do and Jeong Seon, full body side view facing right, walking cycle reference sheet, 8 frames in one row, consistent proportions, transparent background --ar 8:1 --style raw","photorealistic, 3d render, anime, chibi, western fantasy, neon, glossy plastic, text, watermark, signature, modern clothing, Chinese Qing costume, Manchu queue hairstyle, Japanese kimono, samurai armor, hakama, hanfu with crossed wide sleeves of Ming court, Japanese katana, background scenery, cropped feet",조선 중기
cp_c21_walk,res://assets/characters/cp_c21/walk.png,sprite,이제마 walk,scholar,"이제마, 역사 인물 (조선 후기), walking animation, Joseon seonbi scholar in white or pale jade dopo overcoat with tie sash, black horsehair gat hat with wide brim, beoseon socks, Joseon-era Korean ink-and-wash painting (sumukchaesaek) on aged hanji mulberry paper, muted mineral pigments (malachite green, azurite blue, ochre, cinnabar red, ink black), confident brush strokes with dry-brush texture, soft paper grain, restrained palette, in the manner of Kim Hong-do and Jeong Seon, full body side view facing right, walking cycle reference sheet, 8 frames in one row, consistent proportions, transparent background --ar 8:1 --style raw","photorealistic, 3d render, anime, chibi, western fantasy, neon, glossy plastic, text, watermark, signature, modern clothing, Chinese Qing costume, Manchu queue hairstyle, Japanese kimono, samurai armor, hakama, hanfu with crossed wide sleeves of Ming court, Japanese katana, background scenery, cropped feet",조선 후기
cp_c22_walk,res://assets/characters/cp_c22/walk.png,sprite,채규서 walk,civil_official,"채규서, 역사 인물 (조선 후기), walking animation, Joseon civil official in black dallyeong robe with round collar and crane rank badge (hyungbae), black samo winged hat, gakdae belt, Joseon-era Korean ink-and-wash painting (sumukchaesaek) on aged hanji mulberry paper, muted mineral pigments (malachite green, azurite blue, ochre, cinnabar red, ink black), confident brush strokes with dry-brush texture, soft paper grain, restrained palette, in the manner of Kim Hong-do and Jeong Seon, full body side view facing right, walking cycle reference sheet, 8 frames in one row, consistent proportions, transparent background --ar 8:1 --style raw","photorealistic, 3d render, anime, chibi, western fantasy, neon, glossy plastic, text, watermark, signature, modern clothing, Chinese Qing costume, Manchu queue hairstyle, Japanese kimono, samurai armor, hakama, hanfu with crossed wide sleeves of Ming court, Japanese katana, background scenery, cropped feet",조선 후기
cp_c23_walk,res://assets/characters/cp_c23/walk.png,sprite,정약종 walk,scholar,"정약종, 역사 인물 (조선 후기), walking animation, Joseon seonbi scholar in white or pale jade dopo overcoat with tie sash, black horsehair gat hat with wide brim, beoseon socks, Joseon-era Korean ink-and-wash painting (sumukchaesaek) on aged hanji mulberry paper, muted mineral pigments (malachite green, azurite blue, ochre, cinnabar red, ink black), confident brush strokes with dry-brush texture, soft paper grain, restrained palette, in the manner of Kim Hong-do and Jeong Seon, full body side view facing right, walking cycle reference sheet, 8 frames in one row, consistent proportions, transparent background --ar 8:1 --style raw","photorealistic, 3d render, anime, chibi, western fantasy, neon, glossy plastic, text, watermark, signature, modern clothing, Chinese Qing costume, Manchu queue hairstyle, Japanese kimono, samurai armor, hakama, hanfu with crossed wide sleeves of Ming court, Japanese katana, background scenery, cropped feet",조선 후기
cp_c24_walk,res://assets/characters/cp_c24/walk.png,sprite,을지문덕 walk,goguryeo,"을지문덕, 역사 인물 (고구려), walking animation, Goguryeo warrior noble as in Goguryeo tomb murals, dotted-pattern jeogori belted at the waist, wide trousers gathered at the ankle, jeolpung cap with bird feathers, Joseon-era Korean ink-and-wash painting (sumukchaesaek) on aged hanji mulberry paper, muted mineral pigments (malachite green, azurite blue, ochre, cinnabar red, ink black), confident brush strokes with dry-brush texture, soft paper grain, restrained palette, in the manner of Kim Hong-do and Jeong Seon, full body side view facing right, walking cycle reference sheet, 8 frames in one row, consistent proportions, transparent background --ar 8:1 --style raw","photorealistic, 3d render, anime, chibi, western fantasy, neon, glossy plastic, text, watermark, signature, modern clothing, Chinese Qing costume, Manchu queue hairstyle, Japanese kimono, samurai armor, hakama, hanfu with crossed wide sleeves of Ming court, Japanese katana, background scenery, cropped feet",고구려
cp_c25_walk,res://assets/characters/cp_c25/walk.png,sprite,연개소문 walk,goguryeo,"연개소문, 역사 인물 (고구려), walking animation, Goguryeo warrior noble as in Goguryeo tomb murals, dotted-pattern jeogori belted at the waist, wide trousers gathered at the ankle, jeolpung cap with bird feathers, Joseon-era Korean ink-and-wash painting (sumukchaesaek) on aged hanji mulberry paper, muted mineral pigments (malachite green, azurite blue, ochre, cinnabar red, ink black), confident brush strokes with dry-brush texture, soft paper grain, restrained palette, in the manner of Kim Hong-do and Jeong Seon, full body side view facing right, walking cycle reference sheet, 8 frames in one row, consistent proportions, transparent background --ar 8:1 --style raw","photorealistic, 3d render, anime, chibi, western fantasy, neon, glossy plastic, text, watermark, signature, modern clothing, Chinese Qing costume, Manchu queue hairstyle, Japanese kimono, samurai armor, hakama, hanfu with crossed wide sleeves of Ming court, Japanese katana, background scenery, cropped feet",고구려
cp_c26_walk,res://assets/characters/cp_c26/walk.png,sprite,계백 walk,baekje,"계백, 역사 인물 (백제), walking animation, Baekje general in lamellar iron armor over a long red robe, Baekje-style crested helmet, Joseon-era Korean ink-and-wash painting (sumukchaesaek) on aged hanji mulberry paper, muted mineral pigments (malachite green, azurite blue, ochre, cinnabar red, ink black), confident brush strokes with dry-brush texture, soft paper grain, restrained palette, in the manner of Kim Hong-do and Jeong Seon, full body side view facing right, walking cycle reference sheet, 8 frames in one row, consistent proportions, transparent background --ar 8:1 --style raw","photorealistic, 3d render, anime, chibi, western fantasy, neon, glossy plastic, text, watermark, signature, modern clothing, Chinese Qing costume, Manchu queue hairstyle, Japanese kimono, samurai armor, hakama, hanfu with crossed wide sleeves of Ming court, Japanese katana, background scenery, cropped feet",백제
cp_c27_walk,res://assets/characters/cp_c27/walk.png,sprite,강림도령 walk,underworld,"강림도령, 신화/설화 (신화·설화), walking animation, Korean underworld messenger (jeoseung chasa) in black cheollik robe, wide black gat hat, red cord, pale face, Joseon-era Korean ink-and-wash painting (sumukchaesaek) on aged hanji mulberry paper, muted mineral pigments (malachite green, azurite blue, ochre, cinnabar red, ink black), confident brush strokes with dry-brush texture, soft paper grain, restrained palette, in the manner of Kim Hong-do and Jeong Seon, full body side view facing right, walking cycle reference sheet, 8 frames in one row, consistent proportions, transparent background --ar 8:1 --style raw","photorealistic, 3d render, anime, chibi, western fantasy, neon, glossy plastic, text, watermark, signature, modern clothing, Chinese Qing costume, Manchu queue hairstyle, Japanese kimono, samurai armor, hakama, hanfu with crossed wide sleeves of Ming court, Japanese katana, background scenery, cropped feet",신화·설화
cp_c28_walk,res://assets/characters/cp_c28/walk.png,sprite,뱃사공 walk,boatman,"뱃사공, 직업/생산 (시대 무관), walking animation, Joseon boatman in rough cotton jeogori and knee-rolled baji, straw hat, bamboo pole, Joseon-era Korean ink-and-wash painting (sumukchaesaek) on aged hanji mulberry paper, muted mineral pigments (malachite green, azurite blue, ochre, cinnabar red, ink black), confident brush strokes with dry-brush texture, soft paper grain, restrained palette, in the manner of Kim Hong-do and Jeong Seon, full body side view facing right, walking cycle reference sheet, 8 frames in one row, consistent proportions, transparent background --ar 8:1 --style raw","photorealistic, 3d render, anime, chibi, western fantasy, neon, glossy plastic, text, watermark, signature, modern clothing, Chinese Qing costume, Manchu queue hairstyle, Japanese kimono, samurai armor, hakama, hanfu with crossed wide sleeves of Ming court, Japanese katana, background scenery, cropped feet",시대 무관
cp_samyeong_walk,res://assets/characters/cp_samyeong/walk.png,sprite,사명대사 walk,monk,"사명대사, 역사 인물 (조선 중기), walking animation, Korean Buddhist monk with shaved head, grey jangsam robe with a red-brown kasaya over the left shoulder, wooden prayer beads, Joseon-era Korean ink-and-wash painting (sumukchaesaek) on aged hanji mulberry paper, muted mineral pigments (malachite green, azurite blue, ochre, cinnabar red, ink black), confident brush strokes with dry-brush texture, soft paper grain, restrained palette, in the manner of Kim Hong-do and Jeong Seon, full body side view facing right, walking cycle reference sheet, 8 frames in one row, consistent proportions, transparent background --ar 8:1 --style raw","photorealistic, 3d render, anime, chibi, western fantasy, neon, glossy plastic, text, watermark, signature, modern clothing, Chinese Qing costume, Manchu queue hairstyle, Japanese kimono, samurai armor, hakama, hanfu with crossed wide sleeves of Ming court, Japanese katana, background scenery, cropped feet",조선 중기
cp_c30_walk,res://assets/characters/cp_c30/walk.png,sprite,원효대사 walk,silla_monk,"원효대사, 역사 인물 (신라), walking animation, Silla-era Korean Buddhist monk, shaved head, simple ochre robe, staff, Joseon-era Korean ink-and-wash painting (sumukchaesaek) on aged hanji mulberry paper, muted mineral pigments (malachite green, azurite blue, ochre, cinnabar red, ink black), confident brush strokes with dry-brush texture, soft paper grain, restrained palette, in the manner of Kim Hong-do and Jeong Seon, full body side view facing right, walking cycle reference sheet, 8 frames in one row, consistent proportions, transparent background --ar 8:1 --style raw","photorealistic, 3d render, anime, chibi, western fantasy, neon, glossy plastic, text, watermark, signature, modern clothing, Chinese Qing costume, Manchu queue hairstyle, Japanese kimono, samurai armor, hakama, hanfu with crossed wide sleeves of Ming court, Japanese katana, background scenery, cropped feet",신라
cp_c31_walk,res://assets/characters/cp_c31/walk.png,sprite,의상대사 walk,silla_monk,"의상대사, 역사 인물 (신라), walking animation, Silla-era Korean Buddhist monk, shaved head, simple ochre robe, staff, Joseon-era Korean ink-and-wash painting (sumukchaesaek) on aged hanji mulberry paper, muted mineral pigments (malachite green, azurite blue, ochre, cinnabar red, ink black), confident brush strokes with dry-brush texture, soft paper grain, restrained palette, in the manner of Kim Hong-do and Jeong Seon, full body side view facing right, walking cycle reference sheet, 8 frames in one row, consistent proportions, transparent background --ar 8:1 --style raw","photorealistic, 3d render, anime, chibi, western fantasy, neon, glossy plastic, text, watermark, signature, modern clothing, Chinese Qing costume, Manchu queue hairstyle, Japanese kimono, samurai armor, hakama, hanfu with crossed wide sleeves of Ming court, Japanese katana, background scenery, cropped feet",신라
cp_seosan_walk,res://assets/characters/cp_seosan/walk.png,sprite,서산대사(휴정) walk,monk,"서산대사(휴정), 역사 인물 (조선 중기), walking animation, Korean Buddhist monk with shaved head, grey jangsam robe with a red-brown kasaya over the left shoulder, wooden prayer beads, Joseon-era Korean ink-and-wash painting (sumukchaesaek) on aged hanji mulberry paper, muted mineral pigments (malachite green, azurite blue, ochre, cinnabar red, ink black), confident brush strokes with dry-brush texture, soft paper grain, restrained palette, in the manner of Kim Hong-do and Jeong Seon, full body side view facing right, walking cycle reference sheet, 8 frames in one row, consistent proportions, transparent background --ar 8:1 --style raw","photorealistic, 3d render, anime, chibi, western fantasy, neon, glossy plastic, text, watermark, signature, modern clothing, Chinese Qing costume, Manchu queue hairstyle, Japanese kimono, samurai armor, hakama, hanfu with crossed wide sleeves of Ming court, Japanese katana, background scenery, cropped feet",조선 중기
cp_c33_walk,res://assets/characters/cp_c33/walk.png,sprite,보조국사 지눌 walk,monk,"보조국사 지눌, 역사 인물 (고려 중기), walking animation, Korean Buddhist monk with shaved head, grey jangsam robe with a red-brown kasaya over the left shoulder, wooden prayer beads, Joseon-era Korean ink-and-wash painting (sumukchaesaek) on aged hanji mulberry paper, muted mineral pigments (malachite green, azurite blue, ochre, cinnabar red, ink black), confident brush strokes with dry-brush texture, soft paper grain, restrained palette, in the manner of Kim Hong-do and Jeong Seon, full body side view facing right, walking cycle reference sheet, 8 frames in one row, consistent proportions, transparent background --ar 8:1 --style raw","photorealistic, 3d render, anime, chibi, western fantasy, neon, glossy plastic, text, watermark, signature, modern clothing, Chinese Qing costume, Manchu queue hairstyle, Japanese kimono, samurai armor, hakama, hanfu with crossed wide sleeves of Ming court, Japanese katana, background scenery, cropped feet",고려 중기
cp_bari_walk,res://assets/characters/cp_bari/walk.png,sprite,바리공주 walk,princess_myth,"바리공주, 신화/설화 (신화·설화), walking animation, Korean shamanic goddess Bari in white ceremonial robe with multicolored saekdong sleeves, holding a willow branch, Joseon-era Korean ink-and-wash painting (sumukchaesaek) on aged hanji mulberry paper, muted mineral pigments (malachite green, azurite blue, ochre, cinnabar red, ink black), confident brush strokes with dry-brush texture, soft paper grain, restrained palette, in the manner of Kim Hong-do and Jeong Seon, full body side view facing right, walking cycle reference sheet, 8 frames in one row, consistent proportions, transparent background --ar 8:1 --style raw","photorealistic, 3d render, anime, chibi, western fantasy, neon, glossy plastic, text, watermark, signature, modern clothing, Chinese Qing costume, Manchu queue hairstyle, Japanese kimono, samurai armor, hakama, hanfu with crossed wide sleeves of Ming court, Japanese katana, background scenery, cropped feet",신화·설화
cp_jeonuchi_walk,res://assets/characters/cp_jeonuchi/walk.png,sprite,전우치 walk,dosa,"전우치, 소설/도사 (조선 중기), walking animation, Korean Taoist hermit in white hakchangui robe with black trim, bokgeon cloth cap, crane-feather fan, Joseon-era Korean ink-and-wash painting (sumukchaesaek) on aged hanji mulberry paper, muted mineral pigments (malachite green, azurite blue, ochre, cinnabar red, ink black), confident brush strokes with dry-brush texture, soft paper grain, restrained palette, in the manner of Kim Hong-do and Jeong Seon, full body side view facing right, walking cycle reference sheet, 8 frames in one row, consistent proportions, transparent background --ar 8:1 --style raw","photorealistic, 3d render, anime, chibi, western fantasy, neon, glossy plastic, text, watermark, signature, modern clothing, Chinese Qing costume, Manchu queue hairstyle, Japanese kimono, samurai armor, hakama, hanfu with crossed wide sleeves of Ming court, Japanese katana, background scenery, cropped feet",조선 중기
cp_honggildong_walk,res://assets/characters/cp_honggildong/walk.png,sprite,홍길동 walk,outlaw,"홍길동, 소설/도사 (조선 전기), walking animation, Joseon hero outlaw in dark blue dopo robe, black gat hat, bamboo staff, confident pose, Joseon-era Korean ink-and-wash painting (sumukchaesaek) on aged hanji mulberry paper, muted mineral pigments (malachite green, azurite blue, ochre, cinnabar red, ink black), confident brush strokes with dry-brush texture, soft paper grain, restrained palette, in the manner of Kim Hong-do and Jeong Seon, full body side view facing right, walking cycle reference sheet, 8 frames in one row, consistent proportions, transparent background --ar 8:1 --style raw","photorealistic, 3d render, anime, chibi, western fantasy, neon, glossy plastic, text, watermark, signature, modern clothing, Chinese Qing costume, Manchu queue hairstyle, Japanese kimono, samurai armor, hakama, hanfu with crossed wide sleeves of Ming court, Japanese katana, background scenery, cropped feet",조선 전기
cp_c37_walk,res://assets/characters/cp_c37/walk.png,sprite,처용(處容) walk,cheoyong,"처용(處容), 신화/설화 (통일신라), walking animation, Cheoyong mask figure from Silla legend: red-faced mask, samo hat decorated with peonies and peaches, bright robe of five directional colors, Joseon-era Korean ink-and-wash painting (sumukchaesaek) on aged hanji mulberry paper, muted mineral pigments (malachite green, azurite blue, ochre, cinnabar red, ink black), confident brush strokes with dry-brush texture, soft paper grain, restrained palette, in the manner of Kim Hong-do and Jeong Seon, full body side view facing right, walking cycle reference sheet, 8 frames in one row, consistent proportions, transparent background --ar 8:1 --style raw","photorealistic, 3d render, anime, chibi, western fantasy, neon, glossy plastic, text, watermark, signature, modern clothing, Chinese Qing costume, Manchu queue hairstyle, Japanese kimono, samurai armor, hakama, hanfu with crossed wide sleeves of Ming court, Japanese katana, background scenery, cropped feet",통일신라
cp_c38_walk,res://assets/characters/cp_c38/walk.png,sprite,대장장이 walk,laborer,"대장장이, 직업/생산 (시대 무관), walking animation, Joseon commoner craftsman in undyed hemp jeogori and baji with rolled sleeves, white cloth headband, straw jipsin sandals, Joseon-era Korean ink-and-wash painting (sumukchaesaek) on aged hanji mulberry paper, muted mineral pigments (malachite green, azurite blue, ochre, cinnabar red, ink black), confident brush strokes with dry-brush texture, soft paper grain, restrained palette, in the manner of Kim Hong-do and Jeong Seon, full body side view facing right, walking cycle reference sheet, 8 frames in one row, consistent proportions, transparent background --ar 8:1 --style raw","photorealistic, 3d render, anime, chibi, western fantasy, neon, glossy plastic, text, watermark, signature, modern clothing, Chinese Qing costume, Manchu queue hairstyle, Japanese kimono, samurai armor, hakama, hanfu with crossed wide sleeves of Ming court, Japanese katana, background scenery, cropped feet",시대 무관
cp_c39_walk,res://assets/characters/cp_c39/walk.png,sprite,백정 walk,laborer,"백정, 직업/생산 (시대 무관), walking animation, Joseon commoner craftsman in undyed hemp jeogori and baji with rolled sleeves, white cloth headband, straw jipsin sandals, Joseon-era Korean ink-and-wash painting (sumukchaesaek) on aged hanji mulberry paper, muted mineral pigments (malachite green, azurite blue, ochre, cinnabar red, ink black), confident brush strokes with dry-brush texture, soft paper grain, restrained palette, in the manner of Kim Hong-do and Jeong Seon, full body side view facing right, walking cycle reference sheet, 8 frames in one row, consistent proportions, transparent background --ar 8:1 --style raw","photorealistic, 3d render, anime, chibi, western fantasy, neon, glossy plastic, text, watermark, signature, modern clothing, Chinese Qing costume, Manchu queue hairstyle, Japanese kimono, samurai armor, hakama, hanfu with crossed wide sleeves of Ming court, Japanese katana, background scenery, cropped feet",시대 무관
cp_c40_walk,res://assets/characters/cp_c40/walk.png,sprite,약초꾼 walk,laborer,"약초꾼, 직업/생산 (시대 무관), walking animation, Joseon commoner craftsman in undyed hemp jeogori and baji with rolled sleeves, white cloth headband, straw jipsin sandals, Joseon-era Korean ink-and-wash painting (sumukchaesaek) on aged hanji mulberry paper, muted mineral pigments (malachite green, azurite blue, ochre, cinnabar red, ink black), confident brush strokes with dry-brush texture, soft paper grain, restrained palette, in the manner of Kim Hong-do and Jeong Seon, full body side view facing right, walking cycle reference sheet, 8 frames in one row, consistent proportions, transparent background --ar 8:1 --style raw","photorealistic, 3d render, anime, chibi, western fantasy, neon, glossy plastic, text, watermark, signature, modern clothing, Chinese Qing costume, Manchu queue hairstyle, Japanese kimono, samurai armor, hakama, hanfu with crossed wide sleeves of Ming court, Japanese katana, background scenery, cropped feet",시대 무관
cp_c41_walk,res://assets/characters/cp_c41/walk.png,sprite,옹기장이 walk,laborer,"옹기장이, 직업/생산 (시대 무관), walking animation, Joseon commoner craftsman in undyed hemp jeogori and baji with rolled sleeves, white cloth headband, straw jipsin sandals, Joseon-era Korean ink-and-wash painting (sumukchaesaek) on aged hanji mulberry paper, muted mineral pigments (malachite green, azurite blue, ochre, cinnabar red, ink black), confident brush strokes with dry-brush texture, soft paper grain, restrained palette, in the manner of Kim Hong-do and Jeong Seon, full body side view facing right, walking cycle reference sheet, 8 frames in one row, consistent proportions, transparent background --ar 8:1 --style raw","photorealistic, 3d render, anime, chibi, western fantasy, neon, glossy plastic, text, watermark, signature, modern clothing, Chinese Qing costume, Manchu queue hairstyle, Japanese kimono, samurai armor, hakama, hanfu with crossed wide sleeves of Ming court, Japanese katana, background scenery, cropped feet",시대 무관
cp_bobusang_walk,res://assets/characters/cp_bobusang/walk.png,sprite,보부상(부상) walk,merchant,"보부상(부상), 직업/생산 (시대 무관), walking animation, Joseon bobusang peddler in undyed cotton jeogori and baji, paeraengi bamboo hat with white cotton balls, jige A-frame carrier on the back, Joseon-era Korean ink-and-wash painting (sumukchaesaek) on aged hanji mulberry paper, muted mineral pigments (malachite green, azurite blue, ochre, cinnabar red, ink black), confident brush strokes with dry-brush texture, soft paper grain, restrained palette, in the manner of Kim Hong-do and Jeong Seon, full body side view facing right, walking cycle reference sheet, 8 frames in one row, consistent proportions, transparent background --ar 8:1 --style raw","photorealistic, 3d render, anime, chibi, western fantasy, neon, glossy plastic, text, watermark, signature, modern clothing, Chinese Qing costume, Manchu queue hairstyle, Japanese kimono, samurai armor, hakama, hanfu with crossed wide sleeves of Ming court, Japanese katana, background scenery, cropped feet",시대 무관
cp_c43_walk,res://assets/characters/cp_c43/walk.png,sprite,역졸(마부) walk,laborer,"역졸(마부), 직업/생산 (시대 무관), walking animation, Joseon commoner craftsman in undyed hemp jeogori and baji with rolled sleeves, white cloth headband, straw jipsin sandals, Joseon-era Korean ink-and-wash painting (sumukchaesaek) on aged hanji mulberry paper, muted mineral pigments (malachite green, azurite blue, ochre, cinnabar red, ink black), confident brush strokes with dry-brush texture, soft paper grain, restrained palette, in the manner of Kim Hong-do and Jeong Seon, full body side view facing right, walking cycle reference sheet, 8 frames in one row, consistent proportions, transparent background --ar 8:1 --style raw","photorealistic, 3d render, anime, chibi, western fantasy, neon, glossy plastic, text, watermark, signature, modern clothing, Chinese Qing costume, Manchu queue hairstyle, Japanese kimono, samurai armor, hakama, hanfu with crossed wide sleeves of Ming court, Japanese katana, background scenery, cropped feet",시대 무관
cp_c44_walk,res://assets/characters/cp_c44/walk.png,sprite,산포수 walk,hunter,"산포수, 직업/생산 (시대 무관), walking animation, Joseon mountain musketeer in padded cotton clothes, fur vest, matchlock musket, straw sandals with leg wraps, Joseon-era Korean ink-and-wash painting (sumukchaesaek) on aged hanji mulberry paper, muted mineral pigments (malachite green, azurite blue, ochre, cinnabar red, ink black), confident brush strokes with dry-brush texture, soft paper grain, restrained palette, in the manner of Kim Hong-do and Jeong Seon, full body side view facing right, walking cycle reference sheet, 8 frames in one row, consistent proportions, transparent background --ar 8:1 --style raw","photorealistic, 3d render, anime, chibi, western fantasy, neon, glossy plastic, text, watermark, signature, modern clothing, Chinese Qing costume, Manchu queue hairstyle, Japanese kimono, samurai armor, hakama, hanfu with crossed wide sleeves of Ming court, Japanese katana, background scenery, cropped feet",시대 무관
cp_c45_walk,res://assets/characters/cp_c45/walk.png,sprite,짚신장이 walk,laborer,"짚신장이, 직업/생산 (시대 무관), walking animation, Joseon commoner craftsman in undyed hemp jeogori and baji with rolled sleeves, white cloth headband, straw jipsin sandals, Joseon-era Korean ink-and-wash painting (sumukchaesaek) on aged hanji mulberry paper, muted mineral pigments (malachite green, azurite blue, ochre, cinnabar red, ink black), confident brush strokes with dry-brush texture, soft paper grain, restrained palette, in the manner of Kim Hong-do and Jeong Seon, full body side view facing right, walking cycle reference sheet, 8 frames in one row, consistent proportions, transparent background --ar 8:1 --style raw","photorealistic, 3d render, anime, chibi, western fantasy, neon, glossy plastic, text, watermark, signature, modern clothing, Chinese Qing costume, Manchu queue hairstyle, Japanese kimono, samurai armor, hakama, hanfu with crossed wide sleeves of Ming court, Japanese katana, background scenery, cropped feet",시대 무관
cp_c46_walk,res://assets/characters/cp_c46/walk.png,sprite,주모 walk,innkeeper,"주모, 직업/생산 (시대 무관), walking animation, Joseon tavern keeper woman in short cotton jeogori, long chima skirt with apron, hair in a low jjok bun with a wooden binyeo pin, Joseon-era Korean ink-and-wash painting (sumukchaesaek) on aged hanji mulberry paper, muted mineral pigments (malachite green, azurite blue, ochre, cinnabar red, ink black), confident brush strokes with dry-brush texture, soft paper grain, restrained palette, in the manner of Kim Hong-do and Jeong Seon, full body side view facing right, walking cycle reference sheet, 8 frames in one row, consistent proportions, transparent background --ar 8:1 --style raw","photorealistic, 3d render, anime, chibi, western fantasy, neon, glossy plastic, text, watermark, signature, modern clothing, Chinese Qing costume, Manchu queue hairstyle, Japanese kimono, samurai armor, hakama, hanfu with crossed wide sleeves of Ming court, Japanese katana, background scenery, cropped feet",시대 무관
cp_c47_walk,res://assets/characters/cp_c47/walk.png,sprite,시골 훈장 walk,scholar,"시골 훈장, 직업/생산 (시대 무관), walking animation, Joseon seonbi scholar in white or pale jade dopo overcoat with tie sash, black horsehair gat hat with wide brim, beoseon socks, Joseon-era Korean ink-and-wash painting (sumukchaesaek) on aged hanji mulberry paper, muted mineral pigments (malachite green, azurite blue, ochre, cinnabar red, ink black), confident brush strokes with dry-brush texture, soft paper grain, restrained palette, in the manner of Kim Hong-do and Jeong Seon, full body side view facing right, walking cycle reference sheet, 8 frames in one row, consistent proportions, transparent background --ar 8:1 --style raw","photorealistic, 3d render, anime, chibi, western fantasy, neon, glossy plastic, text, watermark, signature, modern clothing, Chinese Qing costume, Manchu queue hairstyle, Japanese kimono, samurai armor, hakama, hanfu with crossed wide sleeves of Ming court, Japanese katana, background scenery, cropped feet",시대 무관
cp_c48_walk,res://assets/characters/cp_c48/walk.png,sprite,뗏목사공 walk,boatman,"뗏목사공, 직업/생산 (시대 무관), walking animation, Joseon boatman in rough cotton jeogori and knee-rolled baji, straw hat, bamboo pole, Joseon-era Korean ink-and-wash painting (sumukchaesaek) on aged hanji mulberry paper, muted mineral pigments (malachite green, azurite blue, ochre, cinnabar red, ink black), confident brush strokes with dry-brush texture, soft paper grain, restrained palette, in the manner of Kim Hong-do and Jeong Seon, full body side view facing right, walking cycle reference sheet, 8 frames in one row, consistent proportions, transparent background --ar 8:1 --style raw","photorealistic, 3d render, anime, chibi, western fantasy, neon, glossy plastic, text, watermark, signature, modern clothing, Chinese Qing costume, Manchu queue hairstyle, Japanese kimono, samurai armor, hakama, hanfu with crossed wide sleeves of Ming court, Japanese katana, background scenery, cropped feet",시대 무관
cp_c49_walk,res://assets/characters/cp_c49/walk.png,sprite,채석 광부 walk,laborer,"채석 광부, 직업/생산 (시대 무관), walking animation, Joseon commoner craftsman in undyed hemp jeogori and baji with rolled sleeves, white cloth headband, straw jipsin sandals, Joseon-era Korean ink-and-wash painting (sumukchaesaek) on aged hanji mulberry paper, muted mineral pigments (malachite green, azurite blue, ochre, cinnabar red, ink black), confident brush strokes with dry-brush texture, soft paper grain, restrained palette, in the manner of Kim Hong-do and Jeong Seon, full body side view facing right, walking cycle reference sheet, 8 frames in one row, consistent proportions, transparent background --ar 8:1 --style raw","photorealistic, 3d render, anime, chibi, western fantasy, neon, glossy plastic, text, watermark, signature, modern clothing, Chinese Qing costume, Manchu queue hairstyle, Japanese kimono, samurai armor, hakama, hanfu with crossed wide sleeves of Ming court, Japanese katana, background scenery, cropped feet",시대 무관
cp_c50_walk,res://assets/characters/cp_c50/walk.png,sprite,옻칠장 walk,laborer,"옻칠장, 직업/생산 (시대 무관), walking animation, Joseon commoner craftsman in undyed hemp jeogori and baji with rolled sleeves, white cloth headband, straw jipsin sandals, Joseon-era Korean ink-and-wash painting (sumukchaesaek) on aged hanji mulberry paper, muted mineral pigments (malachite green, azurite blue, ochre, cinnabar red, ink black), confident brush strokes with dry-brush texture, soft paper grain, restrained palette, in the manner of Kim Hong-do and Jeong Seon, full body side view facing right, walking cycle reference sheet, 8 frames in one row, consistent proportions, transparent background --ar 8:1 --style raw","photorealistic, 3d render, anime, chibi, western fantasy, neon, glossy plastic, text, watermark, signature, modern clothing, Chinese Qing costume, Manchu queue hairstyle, Japanese kimono, samurai armor, hakama, hanfu with crossed wide sleeves of Ming court, Japanese katana, background scenery, cropped feet",시대 무관
cp_c51_walk,res://assets/characters/cp_c51/walk.png,sprite,한지장이 walk,laborer,"한지장이, 직업/생산 (시대 무관), walking animation, Joseon commoner craftsman in undyed hemp jeogori and baji with rolled sleeves, white cloth headband, straw jipsin sandals, Joseon-era Korean ink-and-wash painting (sumukchaesaek) on aged hanji mulberry paper, muted mineral pigments (malachite green, azurite blue, ochre, cinnabar red, ink black), confident brush strokes with dry-brush texture, soft paper grain, restrained palette, in the manner of Kim Hong-do and Jeong Seon, full body side view facing right, walking cycle reference sheet, 8 frames in one row, consistent proportions, transparent background --ar 8:1 --style raw","photorealistic, 3d render, anime, chibi, western fantasy, neon, glossy plastic, text, watermark, signature, modern clothing, Chinese Qing costume, Manchu queue hairstyle, Japanese kimono, samurai armor, hakama, hanfu with crossed wide sleeves of Ming court, Japanese katana, background scenery, cropped feet",시대 무관
cp_c52_walk,res://assets/characters/cp_c52/walk.png,sprite,석공(석수) walk,laborer,"석공(석수), 직업/생산 (시대 무관), walking animation, Joseon commoner craftsman in undyed hemp jeogori and baji with rolled sleeves, white cloth headband, straw jipsin sandals, Joseon-era Korean ink-and-wash painting (sumukchaesaek) on aged hanji mulberry paper, muted mineral pigments (malachite green, azurite blue, ochre, cinnabar red, ink black), confident brush strokes with dry-brush texture, soft paper grain, restrained palette, in the manner of Kim Hong-do and Jeong Seon, full body side view facing right, walking cycle reference sheet, 8 frames in one row, consistent proportions, transparent background --ar 8:1 --style raw","photorealistic, 3d render, anime, chibi, western fantasy, neon, glossy plastic, text, watermark, signature, modern clothing, Chinese Qing costume, Manchu queue hairstyle, Japanese kimono, samurai armor, hakama, hanfu with crossed wide sleeves of Ming court, Japanese katana, background scenery, cropped feet",시대 무관
cp_c53_walk,res://assets/characters/cp_c53/walk.png,sprite,박씨부인 walk,noblewoman,"박씨부인, 소설 주인공(《박씨전》) (조선 소설), walking animation, Joseon yangban woman in long-sleeved jeogori with colored collar and ottgoreum ribbon, full floor-length chima, hair in a low jjok bun with jade binyeo pin, Joseon-era Korean ink-and-wash painting (sumukchaesaek) on aged hanji mulberry paper, muted mineral pigments (malachite green, azurite blue, ochre, cinnabar red, ink black), confident brush strokes with dry-brush texture, soft paper grain, restrained palette, in the manner of Kim Hong-do and Jeong Seon, full body side view facing right, walking cycle reference sheet, 8 frames in one row, consistent proportions, transparent background --ar 8:1 --style raw","photorealistic, 3d render, anime, chibi, western fantasy, neon, glossy plastic, text, watermark, signature, modern clothing, Chinese Qing costume, Manchu queue hairstyle, Japanese kimono, samurai armor, hakama, hanfu with crossed wide sleeves of Ming court, Japanese katana, background scenery, cropped feet",조선 소설
cp_c54_walk,res://assets/characters/cp_c54/walk.png,sprite,심청 walk,maiden,"심청, 소설 주인공(《심청전》) (조선 소설), walking animation, unmarried Joseon girl in yellow jeogori and red chima, single long braid tied with a red daenggi ribbon, Joseon-era Korean ink-and-wash painting (sumukchaesaek) on aged hanji mulberry paper, muted mineral pigments (malachite green, azurite blue, ochre, cinnabar red, ink black), confident brush strokes with dry-brush texture, soft paper grain, restrained palette, in the manner of Kim Hong-do and Jeong Seon, full body side view facing right, walking cycle reference sheet, 8 frames in one row, consistent proportions, transparent background --ar 8:1 --style raw","photorealistic, 3d render, anime, chibi, western fantasy, neon, glossy plastic, text, watermark, signature, modern clothing, Chinese Qing costume, Manchu queue hairstyle, Japanese kimono, samurai armor, hakama, hanfu with crossed wide sleeves of Ming court, Japanese katana, background scenery, cropped feet",조선 소설
cp_c55_walk,res://assets/characters/cp_c55/walk.png,sprite,성춘향 walk,maiden,"성춘향, 소설 주인공(《춘향전》) (조선 소설), walking animation, unmarried Joseon girl in yellow jeogori and red chima, single long braid tied with a red daenggi ribbon, Joseon-era Korean ink-and-wash painting (sumukchaesaek) on aged hanji mulberry paper, muted mineral pigments (malachite green, azurite blue, ochre, cinnabar red, ink black), confident brush strokes with dry-brush texture, soft paper grain, restrained palette, in the manner of Kim Hong-do and Jeong Seon, full body side view facing right, walking cycle reference sheet, 8 frames in one row, consistent proportions, transparent background --ar 8:1 --style raw","photorealistic, 3d render, anime, chibi, western fantasy, neon, glossy plastic, text, watermark, signature, modern clothing, Chinese Qing costume, Manchu queue hairstyle, Japanese kimono, samurai armor, hakama, hanfu with crossed wide sleeves of Ming court, Japanese katana, background scenery, cropped feet",조선 소설
cp_c56_walk,res://assets/characters/cp_c56/walk.png,sprite,이몽룡 walk,eosa,"이몽룡, 소설 주인공(《춘향전》) (조선 소설), walking animation, Joseon royal secret inspector (amhaeng eosa) in shabby dopo robe hiding a horse tablet (mapae), torn gat hat, Joseon-era Korean ink-and-wash painting (sumukchaesaek) on aged hanji mulberry paper, muted mineral pigments (malachite green, azurite blue, ochre, cinnabar red, ink black), confident brush strokes with dry-brush texture, soft paper grain, restrained palette, in the manner of Kim Hong-do and Jeong Seon, full body side view facing right, walking cycle reference sheet, 8 frames in one row, consistent proportions, transparent background --ar 8:1 --style raw","photorealistic, 3d render, anime, chibi, western fantasy, neon, glossy plastic, text, watermark, signature, modern clothing, Chinese Qing costume, Manchu queue hairstyle, Japanese kimono, samurai armor, hakama, hanfu with crossed wide sleeves of Ming court, Japanese katana, background scenery, cropped feet",조선 소설
cp_c57_walk,res://assets/characters/cp_c57/walk.png,sprite,흥부 walk,yangban_poor,"흥부, 소설 주인공(《흥부전》) (조선 소설), walking animation, impoverished Joseon scholar in patched worn dopo robe, battered gat hat, Joseon-era Korean ink-and-wash painting (sumukchaesaek) on aged hanji mulberry paper, muted mineral pigments (malachite green, azurite blue, ochre, cinnabar red, ink black), confident brush strokes with dry-brush texture, soft paper grain, restrained palette, in the manner of Kim Hong-do and Jeong Seon, full body side view facing right, walking cycle reference sheet, 8 frames in one row, consistent proportions, transparent background --ar 8:1 --style raw","photorealistic, 3d render, anime, chibi, western fantasy, neon, glossy plastic, text, watermark, signature, modern clothing, Chinese Qing costume, Manchu queue hairstyle, Japanese kimono, samurai armor, hakama, hanfu with crossed wide sleeves of Ming court, Japanese katana, background scenery, cropped feet",조선 소설
cp_c58_walk,res://assets/characters/cp_c58/walk.png,sprite,배비장 walk,civil_official,"배비장, 소설 주인공(《배비장전》) (조선 소설), walking animation, Joseon civil official in black dallyeong robe with round collar and crane rank badge (hyungbae), black samo winged hat, gakdae belt, Joseon-era Korean ink-and-wash painting (sumukchaesaek) on aged hanji mulberry paper, muted mineral pigments (malachite green, azurite blue, ochre, cinnabar red, ink black), confident brush strokes with dry-brush texture, soft paper grain, restrained palette, in the manner of Kim Hong-do and Jeong Seon, full body side view facing right, walking cycle reference sheet, 8 frames in one row, consistent proportions, transparent background --ar 8:1 --style raw","photorealistic, 3d render, anime, chibi, western fantasy, neon, glossy plastic, text, watermark, signature, modern clothing, Chinese Qing costume, Manchu queue hairstyle, Japanese kimono, samurai armor, hakama, hanfu with crossed wide sleeves of Ming court, Japanese katana, background scenery, cropped feet",조선 소설
cp_c59_walk,res://assets/characters/cp_c59/walk.png,sprite,허생 walk,yangban_poor,"허생, 소설 주인공(《허생전》) (조선 소설), walking animation, impoverished Joseon scholar in patched worn dopo robe, battered gat hat, Joseon-era Korean ink-and-wash painting (sumukchaesaek) on aged hanji mulberry paper, muted mineral pigments (malachite green, azurite blue, ochre, cinnabar red, ink black), confident brush strokes with dry-brush texture, soft paper grain, restrained palette, in the manner of Kim Hong-do and Jeong Seon, full body side view facing right, walking cycle reference sheet, 8 frames in one row, consistent proportions, transparent background --ar 8:1 --style raw","photorealistic, 3d render, anime, chibi, western fantasy, neon, glossy plastic, text, watermark, signature, modern clothing, Chinese Qing costume, Manchu queue hairstyle, Japanese kimono, samurai armor, hakama, hanfu with crossed wide sleeves of Ming court, Japanese katana, background scenery, cropped feet",조선 소설
cp_c60_walk,res://assets/characters/cp_c60/walk.png,sprite,조웅 walk,military,"조웅, 소설 주인공(《조웅전》) (조선 소설), walking animation, Joseon military officer in dark blue cheollik pleated robe, jeollip felt hat with feather and beads, dongae quiver and hwando sword at the waist, Joseon-era Korean ink-and-wash painting (sumukchaesaek) on aged hanji mulberry paper, muted mineral pigments (malachite green, azurite blue, ochre, cinnabar red, ink black), confident brush strokes with dry-brush texture, soft paper grain, restrained palette, in the manner of Kim Hong-do and Jeong Seon, full body side view facing right, walking cycle reference sheet, 8 frames in one row, consistent proportions, transparent background --ar 8:1 --style raw","photorealistic, 3d render, anime, chibi, western fantasy, neon, glossy plastic, text, watermark, signature, modern clothing, Chinese Qing costume, Manchu queue hairstyle, Japanese kimono, samurai armor, hakama, hanfu with crossed wide sleeves of Ming court, Japanese katana, background scenery, cropped feet",조선 소설
cp_c61_walk,res://assets/characters/cp_c61/walk.png,sprite,유충렬 walk,celestial,"유충렬, 소설 주인공(《유충렬전》) (조선 소설), walking animation, Joseon novel protagonist of celestial origin, white robe with cloud patterns, jade hairpin, faint aura, Joseon-era Korean ink-and-wash painting (sumukchaesaek) on aged hanji mulberry paper, muted mineral pigments (malachite green, azurite blue, ochre, cinnabar red, ink black), confident brush strokes with dry-brush texture, soft paper grain, restrained palette, in the manner of Kim Hong-do and Jeong Seon, full body side view facing right, walking cycle reference sheet, 8 frames in one row, consistent proportions, transparent background --ar 8:1 --style raw","photorealistic, 3d render, anime, chibi, western fantasy, neon, glossy plastic, text, watermark, signature, modern clothing, Chinese Qing costume, Manchu queue hairstyle, Japanese kimono, samurai armor, hakama, hanfu with crossed wide sleeves of Ming court, Japanese katana, background scenery, cropped feet",조선 소설
cp_c62_walk,res://assets/characters/cp_c62/walk.png,sprite,양소유 walk,scholar,"양소유, 소설 주인공(《구운몽》) (조선 소설), walking animation, Joseon seonbi scholar in white or pale jade dopo overcoat with tie sash, black horsehair gat hat with wide brim, beoseon socks, Joseon-era Korean ink-and-wash painting (sumukchaesaek) on aged hanji mulberry paper, muted mineral pigments (malachite green, azurite blue, ochre, cinnabar red, ink black), confident brush strokes with dry-brush texture, soft paper grain, restrained palette, in the manner of Kim Hong-do and Jeong Seon, full body side view facing right, walking cycle reference sheet, 8 frames in one row, consistent proportions, transparent background --ar 8:1 --style raw","photorealistic, 3d render, anime, chibi, western fantasy, neon, glossy plastic, text, watermark, signature, modern clothing, Chinese Qing costume, Manchu queue hairstyle, Japanese kimono, samurai armor, hakama, hanfu with crossed wide sleeves of Ming court, Japanese katana, background scenery, cropped feet",조선 소설
cp_c63_walk,res://assets/characters/cp_c63/walk.png,sprite,숙향 walk,celestial,"숙향, 소설 주인공(《숙향전》) (조선 소설), walking animation, Joseon novel protagonist of celestial origin, white robe with cloud patterns, jade hairpin, faint aura, Joseon-era Korean ink-and-wash painting (sumukchaesaek) on aged hanji mulberry paper, muted mineral pigments (malachite green, azurite blue, ochre, cinnabar red, ink black), confident brush strokes with dry-brush texture, soft paper grain, restrained palette, in the manner of Kim Hong-do and Jeong Seon, full body side view facing right, walking cycle reference sheet, 8 frames in one row, consistent proportions, transparent background --ar 8:1 --style raw","photorealistic, 3d render, anime, chibi, western fantasy, neon, glossy plastic, text, watermark, signature, modern clothing, Chinese Qing costume, Manchu queue hairstyle, Japanese kimono, samurai armor, hakama, hanfu with crossed wide sleeves of Ming court, Japanese katana, background scenery, cropped feet",조선 소설
cp_c64_walk,res://assets/characters/cp_c64/walk.png,sprite,장화 walk,maiden,"장화, 소설 주인공(《장화홍련전》) (조선 소설), walking animation, unmarried Joseon girl in yellow jeogori and red chima, single long braid tied with a red daenggi ribbon, Joseon-era Korean ink-and-wash painting (sumukchaesaek) on aged hanji mulberry paper, muted mineral pigments (malachite green, azurite blue, ochre, cinnabar red, ink black), confident brush strokes with dry-brush texture, soft paper grain, restrained palette, in the manner of Kim Hong-do and Jeong Seon, full body side view facing right, walking cycle reference sheet, 8 frames in one row, consistent proportions, transparent background --ar 8:1 --style raw","photorealistic, 3d render, anime, chibi, western fantasy, neon, glossy plastic, text, watermark, signature, modern clothing, Chinese Qing costume, Manchu queue hairstyle, Japanese kimono, samurai armor, hakama, hanfu with crossed wide sleeves of Ming court, Japanese katana, background scenery, cropped feet",조선 소설
cp_c65_walk,res://assets/characters/cp_c65/walk.png,sprite,홍계월 walk,male_disguise,"홍계월, 소설 주인공(《홍계월전》) (조선 소설), walking animation, Joseon woman disguised as a male scholar-general, dopo robe and gat hat, armor vest (dugeonggap) over it, Joseon-era Korean ink-and-wash painting (sumukchaesaek) on aged hanji mulberry paper, muted mineral pigments (malachite green, azurite blue, ochre, cinnabar red, ink black), confident brush strokes with dry-brush texture, soft paper grain, restrained palette, in the manner of Kim Hong-do and Jeong Seon, full body side view facing right, walking cycle reference sheet, 8 frames in one row, consistent proportions, transparent background --ar 8:1 --style raw","photorealistic, 3d render, anime, chibi, western fantasy, neon, glossy plastic, text, watermark, signature, modern clothing, Chinese Qing costume, Manchu queue hairstyle, Japanese kimono, samurai armor, hakama, hanfu with crossed wide sleeves of Ming court, Japanese katana, background scenery, cropped feet",조선 소설
cp_namsago_walk,res://assets/characters/cp_namsago/walk.png,sprite,남사고 walk,dosa,"남사고,  (), walking animation, Korean Taoist hermit in white hakchangui robe with black trim, bokgeon cloth cap, crane-feather fan, Joseon-era Korean ink-and-wash painting (sumukchaesaek) on aged hanji mulberry paper, muted mineral pigments (malachite green, azurite blue, ochre, cinnabar red, ink black), confident brush strokes with dry-brush texture, soft paper grain, restrained palette, in the manner of Kim Hong-do and Jeong Seon, full body side view facing right, walking cycle reference sheet, 8 frames in one row, consistent proportions, transparent background --ar 8:1 --style raw","photorealistic, 3d render, anime, chibi, western fantasy, neon, glossy plastic, text, watermark, signature, modern clothing, Chinese Qing costume, Manchu queue hairstyle, Japanese kimono, samurai armor, hakama, hanfu with crossed wide sleeves of Ming court, Japanese katana, background scenery, cropped feet",
cp_sinyunbok_walk,res://assets/characters/cp_sinyunbok/walk.png,sprite,혜원 신윤복 walk,scholar,"혜원 신윤복,  (), walking animation, Joseon seonbi scholar in white or pale jade dopo overcoat with tie sash, black horsehair gat hat with wide brim, beoseon socks, Joseon-era Korean ink-and-wash painting (sumukchaesaek) on aged hanji mulberry paper, muted mineral pigments (malachite green, azurite blue, ochre, cinnabar red, ink black), confident brush strokes with dry-brush texture, soft paper grain, restrained palette, in the manner of Kim Hong-do and Jeong Seon, full body side view facing right, walking cycle reference sheet, 8 frames in one row, consistent proportions, transparent background --ar 8:1 --style raw","photorealistic, 3d render, anime, chibi, western fantasy, neon, glossy plastic, text, watermark, signature, modern clothing, Chinese Qing costume, Manchu queue hairstyle, Japanese kimono, samurai armor, hakama, hanfu with crossed wide sleeves of Ming court, Japanese katana, background scenery, cropped feet",
